id,lastName,firstName,middleName,schoolLevel,yearLevel,section,house,program,department,strand
20260000000,Metz,Sophie,Gray,COLLEGE,YEAR_1,bscs-2a,giallio,bsit,computer-studies,
20260000001,Pacocha,Reid,Austin,COLLEGE,YEAR_3,stem-12b,giallio,bsit,computer-studies,
20260000002,Muller,Eulah,Jules,COLLEGE,YEAR_3,bscs-2a,giallio,bsba,business-administration,
20260000003,Strosin,Lacey,,COLLEGE,YEAR_2,stem-12b,cahel,bsit,computer-studies,
20260000004,Kiehn,Eleanora,,COLLEGE,YEAR_3,bsit-2b,roxxo,bscs,computer-studies,
20260000005,Schuppe,Dallas,,COLLEGE,YEAR_3,bsit-2b,roxxo,bsit,computer-studies,
20260000006,Cummerata,Nakia,Skyler,COLLEGE,YEAR_1,stem-12b,cahel,bscs,computer-studies,
20260000007,Hickle,Noemie,,SHS,GRADE_12,stem-12b,giallio,,,assh
20260000008,Lubowitz,Tiara,,COLLEGE,YEAR_3,stem-11a,cahel,bsba,business-administration,
20260000009,Kihn,Alycia,,SHS,GRADE_11,stem-12b,giallio,,,programming
20260000010,Ullrich,Anabel,London,COLLEGE,YEAR_2,bsit-2b,vierrdy,bsba,business-administration,
20260000011,Bartell,Theodore,Bowie,COLLEGE,YEAR_2,bscs-2a,giallio,bshm,hotel-management,
20260000012,Hegmann,Rex,,COLLEGE,YEAR_1,bscs-2a,giallio,bsit,computer-studies,
20260000013,Upton,Louvenia,Corey,COLLEGE,YEAR_2,stem-12b,azul,bshm,hotel-management,
20260000014,Senger,Jack,,COLLEGE,YEAR_2,stem-12b,cahel,bshm,hotel-management,
20260000015,Ondricka,Jermey,River,COLLEGE,YEAR_1,bscs-2a,vierrdy,bshm,hotel-management,
20260000016,Wilkinson,Melvin,James,COLLEGE,YEAR_3,stem-11a,azul,bsba,business-administration,
20260000017,Crooks-Tromp,Webster,Riley,SHS,GRADE_11,stem-12b,roxxo,,,stem
20260000018,Hauck,Monique,Riley,COLLEGE,YEAR_3,stem-12b,azul,bsit,computer-studies,
20260000019,Zulauf-Becker,Sabrina,August,SHS,GRADE_11,stem-12b,giallio,,,he
20260000020,Metz,Dominique,Bailey,SHS,GRADE_12,bsit-2b,giallio,,,abm
20260000021,Denesik,Gennaro,James,SHS,GRADE_12,bscs-2a,vierrdy,,,assh
20260000022,Kassulke,Linnie,Shawn,SHS,GRADE_11,stem-11a,vierrdy,,,programming
20260000023,Bashirian,Norbert,London,COLLEGE,YEAR_2,bscs-2a,azul,bshm,hotel-management,
20260000024,Romaguera,Bernadine,Gray,COLLEGE,YEAR_1,bscs-2a,cahel,bshm,hotel-management,
20260000025,D'Amore,Oliver,London,SHS,GRADE_12,stem-12b,azul,,,he
20260000026,Kunze,Callie,Angel,SHS,GRADE_12,stem-12b,vierrdy,,,stem
20260000027,Bartoletti,Candice,Brooklyn,COLLEGE,YEAR_3,stem-11a,cahel,bscs,computer-studies,
20260000028,Harris,Maria,Arden,COLLEGE,YEAR_1,bsit-2b,cahel,bshm,hotel-management,
20260000029,Thompson,Rickey,Sawyer,SHS,GRADE_12,stem-11a,giallio,,,css
20260000030,Bergnaum,Norene,,COLLEGE,YEAR_4,stem-12b,cahel,bsit,computer-studies,
20260000031,Stark,Kacey,,COLLEGE,YEAR_3,stem-11a,cahel,bsba,business-administration,
20260000032,Schoen-Auer,Noemy,Charlie,COLLEGE,YEAR_3,bsit-2b,roxxo,bsit,computer-studies,
20260000033,Beatty,Duncan,Sage,SHS,GRADE_12,stem-12b,cahel,,,stem
20260000034,Hartmann,Aniya,,SHS,GRADE_11,bsit-2b,cahel,,,assh
20260000035,Kuhlman,Alize,Shiloh,SHS,GRADE_11,bscs-2a,giallio,,,assh
20260000036,Grady,Alessandro,Sawyer,COLLEGE,YEAR_2,bsit-2b,roxxo,bscs,computer-studies,
20260000037,Cummings,Dana,Jaden,COLLEGE,YEAR_4,stem-12b,azul,bscs,computer-studies,
20260000038,Schultz,Jacky,Rowan,COLLEGE,YEAR_2,bscs-2a,giallio,bscs,computer-studies,
20260000039,Johnson,Major,Sasha,COLLEGE,YEAR_3,stem-11a,roxxo,bshm,hotel-management,
20260000040,Greenfelder,Torrey,Kai,COLLEGE,YEAR_2,bscs-2a,azul,bscs,computer-studies,
20260000041,Robel,Markus,Blake,COLLEGE,YEAR_4,bscs-2a,azul,bscs,computer-studies,
20260000042,Mueller,Jovanny,,COLLEGE,YEAR_3,stem-12b,cahel,bshm,hotel-management,
20260000043,Gusikowski,Margarita,Gray,COLLEGE,YEAR_1,bsit-2b,azul,bscs,computer-studies,
20260000044,Wilderman,Jensen,Kai,SHS,GRADE_11,bsit-2b,roxxo,,,assh
20260000045,Glover,Adelle,Shawn,COLLEGE,YEAR_4,bscs-2a,cahel,bshm,hotel-management,
20260000046,Goodwin,Cullen,,COLLEGE,YEAR_2,stem-12b,vierrdy,bsba,business-administration,
20260000047,Veum,Kip,Brooklyn,SHS,GRADE_11,bsit-2b,vierrdy,,,assh
20260000048,Kshlerin,Gloria,,COLLEGE,YEAR_1,bscs-2a,azul,bscs,computer-studies,
20260000049,Crist,Lorenza,Cameron,SHS,GRADE_12,bsit-2b,cahel,,,assh
20260000050,Yundt,Ardella,Sasha,SHS,GRADE_11,bscs-2a,giallio,,,stem
20260000051,Swaniawski,Dayne,Rowan,COLLEGE,YEAR_1,bsit-2b,azul,bshm,hotel-management,
20260000052,Reinger,Juliana,Rory,SHS,GRADE_11,bscs-2a,vierrdy,,,animation
20260000053,Hodkiewicz,Shanel,Ryan,SHS,GRADE_11,stem-12b,azul,,,css
20260000054,Halvorson,Violette,Noah,COLLEGE,YEAR_4,stem-12b,cahel,bsit,computer-studies,
20260000055,Bogan,Deshaun,,SHS,GRADE_12,stem-12b,azul,,,abm
20260000056,Kuhn,Eddie,Blake,COLLEGE,YEAR_1,bscs-2a,vierrdy,bsit,computer-studies,
20260000057,Nikolaus,Ryleigh,Reign,SHS,GRADE_11,bscs-2a,giallio,,,stem
20260000058,Bernier-Reilly,Kiel,,COLLEGE,YEAR_4,stem-11a,giallio,bshm,hotel-management,
20260000059,Bogisich,Roxane,Ellis,COLLEGE,YEAR_3,bscs-2a,cahel,bscs,computer-studies,
20260000060,Krajcik,Ressie,Ryan,SHS,GRADE_11,stem-12b,vierrdy,,,abm
20260000061,Swift,Destany,,SHS,GRADE_12,bscs-2a,azul,,,abm
20260000062,Fay,Lavada,,COLLEGE,YEAR_1,bsit-2b,vierrdy,bshm,hotel-management,
20260000063,Schoen,Sylvia,,COLLEGE,YEAR_1,stem-11a,giallio,bsit,computer-studies,
20260000064,Ratke,Harley,Micah,COLLEGE,YEAR_4,stem-12b,azul,bshm,hotel-management,
20260000065,Durgan,Newton,Ellis,SHS,GRADE_11,stem-11a,cahel,,,assh
20260000066,Johns,Toy,Blake,SHS,GRADE_12,bsit-2b,roxxo,,,css
20260000067,Kozey,Domenick,Riley,SHS,GRADE_12,stem-12b,vierrdy,,,css
20260000068,Weber,Johan,Billie,COLLEGE,YEAR_4,bsit-2b,vierrdy,bsba,business-administration,
20260000069,Torphy,Fae,,SHS,GRADE_11,bsit-2b,azul,,,stem
20260000070,Koss,Reuben,Parker,SHS,GRADE_12,stem-11a,cahel,,,assh
20260000071,Mills,Margaretta,,COLLEGE,YEAR_1,bsit-2b,roxxo,bscs,computer-studies,
20260000072,Altenwerth,Colby,Reign,SHS,GRADE_11,bsit-2b,giallio,,,stem
20260000073,Dibbert,Albert,Quinn,COLLEGE,YEAR_4,bsit-2b,giallio,bscs,computer-studies,
20260000074,Lubowitz,Margarett,,COLLEGE,YEAR_3,stem-12b,vierrdy,bsba,business-administration,
20260000075,Hermann,Michael,,COLLEGE,YEAR_1,stem-12b,vierrdy,bshm,hotel-management,
20260000076,Keeling,Kylee,North,COLLEGE,YEAR_3,bsit-2b,vierrdy,bsba,business-administration,
20260000077,Lesch,Herman,,COLLEGE,YEAR_2,stem-12b,azul,bsit,computer-studies,
20260000078,Beatty,Isac,Corey,COLLEGE,YEAR_4,stem-11a,cahel,bsba,business-administration,
20260000079,White,Hubert,Alex,COLLEGE,YEAR_1,stem-11a,vierrdy,bsba,business-administration,
20260000080,Hilll,Johnnie,,COLLEGE,YEAR_4,bsit-2b,vierrdy,bsba,business-administration,
20260000081,Carroll,Mustafa,,SHS,GRADE_12,stem-12b,azul,,,programming
20260000082,Towne,Makayla,,SHS,GRADE_12,bscs-2a,azul,,,he
20260000083,Schumm,Dannie,Logan,SHS,GRADE_12,stem-11a,cahel,,,assh
20260000084,Hermann,Zoila,Reign,SHS,GRADE_12,stem-11a,azul,,,he
20260000085,Rice,Flavie,,COLLEGE,YEAR_2,stem-11a,azul,bscs,computer-studies,
20260000086,Sanford,Nayeli,Brooklyn,COLLEGE,YEAR_4,bscs-2a,roxxo,bsit,computer-studies,
20260000087,Bosco,Rollin,Hayden,SHS,GRADE_11,stem-11a,roxxo,,,programming
20260000088,Collins,Leta,Kennedy,COLLEGE,YEAR_3,stem-11a,giallio,bshm,hotel-management,
20260000089,Hauck,Arnulfo,Robin,SHS,GRADE_11,bscs-2a,cahel,,,assh
20260000090,Graham,Sonny,Jordan,COLLEGE,YEAR_2,bscs-2a,cahel,bscs,computer-studies,
20260000091,Brekke,Jeffery,,COLLEGE,YEAR_3,stem-11a,vierrdy,bsba,business-administration,
20260000092,Baumbach,Jaylon,Kai,SHS,GRADE_12,bscs-2a,roxxo,,,stem
20260000093,Reilly-Carter,Adela,Reagan,SHS,GRADE_12,stem-12b,roxxo,,,abm
20260000094,Doyle,Cassidy,,SHS,GRADE_11,bscs-2a,giallio,,,animation
20260000095,Cassin,Lula,Robin,SHS,GRADE_12,stem-11a,giallio,,,animation
20260000096,Ullrich,Bernadine,River,COLLEGE,YEAR_1,stem-11a,cahel,bsit,computer-studies,
20260000097,Luettgen,Moises,Jules,SHS,GRADE_11,stem-11a,cahel,,,he
20260000098,Smith,Aimee,Noah,COLLEGE,YEAR_2,stem-11a,cahel,bsba,business-administration,
20260000099,Jenkins,Lenore,,COLLEGE,YEAR_2,bsit-2b,roxxo,bsit,computer-studies,
20260000100,Satterfield,Mathilde,London,SHS,GRADE_12,bsit-2b,giallio,,,he
20260000101,Terry,Herman,,COLLEGE,YEAR_1,bscs-2a,roxxo,bsba,business-administration,
20260000102,Wunsch,Imogene,Dakota,COLLEGE,YEAR_4,bsit-2b,roxxo,bscs,computer-studies,
20260000103,Halvorson,Drew,,SHS,GRADE_11,bscs-2a,roxxo,,,css
20260000104,Doyle,Reginald,,COLLEGE,YEAR_3,bscs-2a,vierrdy,bsba,business-administration,
20260000105,Bosco,Efren,,SHS,GRADE_12,bscs-2a,giallio,,,stem
20260000106,Bernier,Abraham,Robin,COLLEGE,YEAR_3,bsit-2b,vierrdy,bscs,computer-studies,
20260000107,Wolff,Alfreda,,SHS,GRADE_11,stem-12b,giallio,,,he
20260000108,Mosciski,Solon,Finley,COLLEGE,YEAR_1,bsit-2b,azul,bshm,hotel-management,
20260000109,Orn,Griffin,Gray,COLLEGE,YEAR_3,stem-11a,azul,bscs,computer-studies,
20260000110,Crooks,Ford,Shiloh,COLLEGE,YEAR_3,bscs-2a,roxxo,bscs,computer-studies,
20260000111,Ebert,Lucie,Anderson,COLLEGE,YEAR_1,stem-12b,azul,bsit,computer-studies,
20260000112,Jenkins,Darron,,SHS,GRADE_11,bsit-2b,cahel,,,abm
20260000113,Huels,Jamey,,SHS,GRADE_12,stem-11a,vierrdy,,,animation
20260000114,Deckow,Keyon,,SHS,GRADE_11,bsit-2b,roxxo,,,assh
20260000115,Cummerata,Brendan,Bowie,SHS,GRADE_11,stem-12b,vierrdy,,,css
20260000116,Hamill,Mikel,Bowie,COLLEGE,YEAR_2,stem-12b,azul,bsit,computer-studies,
20260000117,Stanton,Esmeralda,London,SHS,GRADE_12,stem-12b,giallio,,,assh
20260000118,Johns-Roob,Makenzie,Marlowe,COLLEGE,YEAR_2,bscs-2a,vierrdy,bsit,computer-studies,
20260000119,Abbott,Joshua,Anderson,COLLEGE,YEAR_2,bscs-2a,roxxo,bshm,hotel-management,
20260000120,Schroeder,Ella,River,SHS,GRADE_12,stem-11a,vierrdy,,,abm
20260000121,Haley,Macey,,COLLEGE,YEAR_3,bsit-2b,giallio,bsba,business-administration,
20260000122,Jast,Landen,,SHS,GRADE_11,stem-11a,giallio,,,assh
20260000123,Murphy,Elinor,,COLLEGE,YEAR_1,stem-12b,vierrdy,bsit,computer-studies,
20260000124,Murray,Gilberto,,COLLEGE,YEAR_2,bscs-2a,azul,bsit,computer-studies,
20260000125,Beahan,Max,Finley,COLLEGE,YEAR_2,stem-12b,cahel,bsba,business-administration,
20260000126,O'Reilly,Genevieve,Kennedy,SHS,GRADE_11,bscs-2a,cahel,,,css
20260000127,Treutel,Paris,Charlie,SHS,GRADE_11,bscs-2a,roxxo,,,programming
20260000128,Heaney,Dayne,Harper,COLLEGE,YEAR_3,stem-11a,azul,bsit,computer-studies,
20260000129,Blanda,Keanu,,SHS,GRADE_11,bsit-2b,cahel,,,animation
20260000130,Fadel,Sterling,Hayden,COLLEGE,YEAR_4,bsit-2b,giallio,bsit,computer-studies,
20260000131,Feest-Miller,Corbin,,SHS,GRADE_12,bscs-2a,giallio,,,assh
20260000132,Wiza,Korey,Reagan,COLLEGE,YEAR_4,stem-12b,vierrdy,bsba,business-administration,
20260000133,Johnson,Ona,Ryan,COLLEGE,YEAR_1,stem-11a,cahel,bsba,business-administration,
20260000134,Fritsch,Barrett,,SHS,GRADE_12,stem-12b,azul,,,programming
20260000135,Hamill,Kari,North,COLLEGE,YEAR_2,bscs-2a,cahel,bshm,hotel-management,
20260000136,Schmeler,Taryn,Parker,COLLEGE,YEAR_2,stem-11a,cahel,bscs,computer-studies,
20260000137,O'Kon,Josephine,Drew,SHS,GRADE_12,bscs-2a,vierrdy,,,css
20260000138,Torphy,Raul,Logan,SHS,GRADE_11,stem-11a,cahel,,,assh
20260000139,Aufderhar,Candelario,,COLLEGE,YEAR_1,stem-12b,cahel,bsba,business-administration,
20260000140,Ratke,Gerhard,Taylor,COLLEGE,YEAR_3,bscs-2a,cahel,bscs,computer-studies,
20260000141,Huel,Blake,,SHS,GRADE_12,bsit-2b,giallio,,,assh
20260000142,Pfannerstill,Annamarie,Billie,SHS,GRADE_11,bscs-2a,cahel,,,abm
20260000143,King,Alta,,COLLEGE,YEAR_4,bscs-2a,roxxo,bscs,computer-studies,
20260000144,Goldner,Nathanial,Cameron,SHS,GRADE_12,bsit-2b,roxxo,,,css
20260000145,Feeney,Marques,,COLLEGE,YEAR_1,bsit-2b,cahel,bshm,hotel-management,
20260000146,Schumm,Ellis,Parker,COLLEGE,YEAR_2,bsit-2b,roxxo,bshm,hotel-management,
20260000147,Mosciski,Lindsay,Riley,COLLEGE,YEAR_1,bscs-2a,azul,bsit,computer-studies,
20260000148,Casper,Mervin,,COLLEGE,YEAR_4,stem-12b,giallio,bshm,hotel-management,
20260000149,Spencer,Zora,,COLLEGE,YEAR_4,bscs-2a,roxxo,bsit,computer-studies,
20260000150,Schaden,Chloe,,SHS,GRADE_11,stem-12b,azul,,,stem
20260000151,Ward,Wallace,,SHS,GRADE_11,bscs-2a,vierrdy,,,assh
20260000152,Hills,Belle,August,SHS,GRADE_11,stem-11a,cahel,,,css
20260000153,Kassulke-Bashirian,Sonny,Austin,SHS,GRADE_11,bscs-2a,roxxo,,,abm
20260000154,Buckridge,Raleigh,Reign,SHS,GRADE_12,stem-12b,azul,,,abm
20260000155,Koelpin,Trisha,Taylor,COLLEGE,YEAR_4,stem-11a,vierrdy,bsba,business-administration,
20260000156,Gerhold,Miracle,,COLLEGE,YEAR_1,stem-12b,roxxo,bsit,computer-studies,
20260000157,Marks,Cary,Noah,COLLEGE,YEAR_2,bsit-2b,cahel,bshm,hotel-management,
20260000158,Jakubowski,Edwin,Sage,COLLEGE,YEAR_2,bscs-2a,roxxo,bsit,computer-studies,
20260000159,Kuhic,Candace,Drew,SHS,GRADE_12,stem-12b,azul,,,programming
20260000160,Schultz,Lea,,COLLEGE,YEAR_4,stem-11a,giallio,bshm,hotel-management,
20260000161,Ullrich,Berneice,August,SHS,GRADE_11,stem-12b,giallio,,,stem
20260000162,Collins,Aimee,Reese,COLLEGE,YEAR_1,stem-11a,cahel,bscs,computer-studies,
20260000163,Legros-Leffler,Laisha,Addison,SHS,GRADE_11,bscs-2a,azul,,,animation
20260000164,Zboncak,Sigrid,Avery,SHS,GRADE_11,bsit-2b,giallio,,,animation
20260000165,Bernier,Deborah,Phoenix,COLLEGE,YEAR_1,bscs-2a,vierrdy,bshm,hotel-management,
20260000166,Bauch,Winnifred,North,SHS,GRADE_11,stem-11a,azul,,,abm
20260000167,Moore,Braxton,Gray,SHS,GRADE_11,bscs-2a,cahel,,,programming
20260000168,Pagac,Katelynn,Quinn,COLLEGE,YEAR_3,stem-11a,vierrdy,bscs,computer-studies,
20260000169,Lesch,Mina,Cameron,COLLEGE,YEAR_4,stem-12b,cahel,bsit,computer-studies,
20260000170,Brekke,Jarod,Sawyer,SHS,GRADE_12,stem-12b,cahel,,,programming
20260000171,Green,Leon,Anderson,COLLEGE,YEAR_4,stem-12b,roxxo,bshm,hotel-management,
20260000172,Labadie,Norris,,SHS,GRADE_11,bscs-2a,roxxo,,,assh
20260000173,Gutkowski,Eldora,Anderson,COLLEGE,YEAR_3,stem-11a,giallio,bsit,computer-studies,
20260000174,Schultz,Burdette,,COLLEGE,YEAR_4,bscs-2a,cahel,bshm,hotel-management,
20260000175,Waelchi,Luz,,COLLEGE,YEAR_4,bsit-2b,giallio,bsit,computer-studies,
20260000176,Boehm,Electa,,SHS,GRADE_11,bsit-2b,cahel,,,abm
20260000177,Ankunding,Travis,Robin,COLLEGE,YEAR_3,bsit-2b,vierrdy,bshm,hotel-management,
20260000178,Kerluke,Glen,,SHS,GRADE_11,stem-12b,vierrdy,,,programming
20260000179,Ryan,Kenton,,SHS,GRADE_12,stem-12b,giallio,,,stem
20260000180,Lockman,Mossie,Corey,SHS,GRADE_11,stem-12b,azul,,,he
20260000181,Medhurst,Lue,Micah,COLLEGE,YEAR_2,stem-12b,roxxo,bsit,computer-studies,
20260000182,Skiles,Verda,Ellis,SHS,GRADE_11,bsit-2b,cahel,,,he
20260000183,O'Kon,Lance,Alex,COLLEGE,YEAR_1,stem-11a,giallio,bsba,business-administration,
20260000184,Feil,Donnell,Quinn,COLLEGE,YEAR_3,bscs-2a,roxxo,bshm,hotel-management,
20260000185,Hirthe,Alanis,Jordan,COLLEGE,YEAR_1,bsit-2b,roxxo,bshm,hotel-management,
20260000186,Dickens,Bernardo,Phoenix,COLLEGE,YEAR_3,stem-11a,roxxo,bsba,business-administration,
20260000187,Hackett,Keon,,COLLEGE,YEAR_1,stem-12b,giallio,bshm,hotel-management,
20260000188,Russel,Madaline,Addison,SHS,GRADE_11,stem-12b,azul,,,programming
20260000189,Hickle,Laury,River,COLLEGE,YEAR_4,bsit-2b,giallio,bsit,computer-studies,
20260000190,Stokes,Bart,Bowie,COLLEGE,YEAR_2,bscs-2a,azul,bsba,business-administration,
20260000191,Dibbert,Reyes,Skyler,COLLEGE,YEAR_2,bsit-2b,vierrdy,bsba,business-administration,
20260000192,Thompson,Wanda,Logan,COLLEGE,YEAR_4,stem-11a,roxxo,bshm,hotel-management,
20260000193,Rodriguez,Amira,Emerson,COLLEGE,YEAR_3,stem-11a,cahel,bscs,computer-studies,
20260000194,Feil,Archibald,Shiloh,SHS,GRADE_12,stem-11a,azul,,,programming
20260000195,Schmitt,Irwin,Addison,SHS,GRADE_12,stem-12b,vierrdy,,,assh
20260000196,Jacobi,Izaiah,,COLLEGE,YEAR_1,bsit-2b,vierrdy,bshm,hotel-management,
20260000197,Rowe,Aglae,,COLLEGE,YEAR_1,bscs-2a,roxxo,bshm,hotel-management,
20260000198,Schiller,Cullen,Noah,COLLEGE,YEAR_2,bscs-2a,azul,bsba,business-administration,
20260000199,Miller,Alessandra,Harper,SHS,GRADE_11,stem-11a,cahel,,,css
20260000200,Fadel,Andreanne,Sasha,SHS,GRADE_11,bsit-2b,roxxo,,,animation
20260000201,Corkery,Maybelle,,COLLEGE,YEAR_2,stem-12b,azul,bscs,computer-studies,
20260000202,Jerde,Jamey,Shawn,COLLEGE,YEAR_4,bscs-2a,cahel,bscs,computer-studies,
20260000203,Padberg,Orville,Bailey,COLLEGE,YEAR_4,bsit-2b,cahel,bscs,computer-studies,
20260000204,Jacobi,Grover,Brooklyn,COLLEGE,YEAR_3,bscs-2a,cahel,bsit,computer-studies,
20260000205,Pacocha,Joy,,COLLEGE,YEAR_3,stem-12b,giallio,bshm,hotel-management,
20260000206,Ritchie,Justyn,Parker,COLLEGE,YEAR_1,stem-12b,vierrdy,bsit,computer-studies,
20260000207,Connelly,Maeve,Quinn,COLLEGE,YEAR_1,bsit-2b,vierrdy,bsba,business-administration,
20260000208,Gleichner,Savanna,Dakota,SHS,GRADE_12,bsit-2b,roxxo,,,stem
20260000209,Blick,Neil,James,COLLEGE,YEAR_4,stem-12b,vierrdy,bsba,business-administration,
20260000210,Rowe,Meda,Sage,SHS,GRADE_12,bscs-2a,cahel,,,animation
20260000211,Orn,Bryce,Billie,COLLEGE,YEAR_2,stem-11a,giallio,bshm,hotel-management,
20260000212,Mante,Devan,August,COLLEGE,YEAR_3,stem-11a,roxxo,bsba,business-administration,
20260000213,Vandervort,Amie,Shiloh,SHS,GRADE_11,bsit-2b,roxxo,,,stem
20260000214,Mohr,Abagail,August,COLLEGE,YEAR_1,bsit-2b,vierrdy,bsit,computer-studies,
20260000215,Cormier,Ena,Shawn,COLLEGE,YEAR_1,bscs-2a,cahel,bsit,computer-studies,
20260000216,Homenick,Tommie,,COLLEGE,YEAR_2,bscs-2a,giallio,bsba,business-administration,
20260000217,Leuschke,Susie,Greer,COLLEGE,YEAR_3,stem-12b,cahel,bshm,hotel-management,
20260000218,Predovic,Deron,,SHS,GRADE_12,bsit-2b,roxxo,,,animation
20260000219,Bosco,Titus,Jordan,SHS,GRADE_11,bscs-2a,cahel,,,animation
20260000220,Satterfield,Tara,Jules,COLLEGE,YEAR_2,bsit-2b,cahel,bshm,hotel-management,
20260000221,Mitchell,Mellie,,SHS,GRADE_12,bsit-2b,cahel,,,animation
20260000222,Fay-Murphy,Omer,Noah,COLLEGE,YEAR_4,bsit-2b,giallio,bshm,hotel-management,
20260000223,Senger,Ericka,Bailey,SHS,GRADE_11,bsit-2b,giallio,,,programming
20260000224,Graham,Allene,Jaden,SHS,GRADE_12,bscs-2a,vierrdy,,,he
20260000225,Mitchell,Isaac,,SHS,GRADE_12,bsit-2b,giallio,,,assh
20260000226,Stamm,Linnea,Riley,SHS,GRADE_11,bsit-2b,roxxo,,,css
20260000227,Berge,Roosevelt,Addison,SHS,GRADE_11,stem-12b,giallio,,,he
20260000228,Carter,Moses,James,COLLEGE,YEAR_4,stem-11a,giallio,bscs,computer-studies,
20260000229,Greenfelder,Teagan,Reign,SHS,GRADE_11,stem-12b,roxxo,,,assh
20260000230,Hegmann,Kayla,,SHS,GRADE_11,bsit-2b,vierrdy,,,animation
20260000231,King,Bridgette,,SHS,GRADE_12,stem-12b,cahel,,,assh
20260000232,Gerhold,Iva,Blake,COLLEGE,YEAR_2,bsit-2b,vierrdy,bscs,computer-studies,
20260000233,Runolfsson,Oda,Gray,SHS,GRADE_11,bscs-2a,vierrdy,,,animation
20260000234,Fisher,Laney,,COLLEGE,YEAR_4,bsit-2b,cahel,bsba,business-administration,
20260000235,Homenick,Jennings,,COLLEGE,YEAR_1,stem-11a,cahel,bshm,hotel-management,
20260000236,Kassulke,Armani,Emerson,SHS,GRADE_11,bsit-2b,cahel,,,he
20260000237,Bauch,Leonor,,COLLEGE,YEAR_1,bscs-2a,roxxo,bsit,computer-studies,
20260000238,Moore,Nicolette,Alex,COLLEGE,YEAR_4,stem-11a,roxxo,bsba,business-administration,
20260000239,Wiegand,Louie,Arden,SHS,GRADE_11,bsit-2b,vierrdy,,,assh
20260000240,Daniel,Bill,,COLLEGE,YEAR_3,stem-11a,cahel,bshm,hotel-management,
20260000241,Dibbert,Cristina,James,SHS,GRADE_12,stem-12b,vierrdy,,,stem
20260000242,Ledner,Monica,Billie,SHS,GRADE_12,stem-11a,azul,,,abm
20260000243,Mayert,Antonietta,Bowie,SHS,GRADE_11,bscs-2a,azul,,,assh
20260000244,Feest,Daron,River,COLLEGE,YEAR_4,bsit-2b,cahel,bsit,computer-studies,
20260000245,Purdy,Emilio,,COLLEGE,YEAR_3,bsit-2b,giallio,bshm,hotel-management,
20260000246,Conroy,Pamela,Dakota,COLLEGE,YEAR_2,bsit-2b,azul,bscs,computer-studies,
20260000247,Fisher,Sim,,SHS,GRADE_11,stem-12b,cahel,,,programming
20260000248,Kirlin,Marta,Ryan,COLLEGE,YEAR_3,stem-11a,azul,bsba,business-administration,
20260000249,Conn,Tyrel,Reese,SHS,GRADE_11,bsit-2b,cahel,,,animation
20260000250,West,Braulio,Corey,SHS,GRADE_12,bsit-2b,giallio,,,programming
20260000251,Metz,Katlynn,August,SHS,GRADE_11,bscs-2a,roxxo,,,stem
20260000252,Bailey,Bernita,River,COLLEGE,YEAR_3,stem-12b,azul,bsit,computer-studies,
20260000253,Treutel,Lorena,Robin,COLLEGE,YEAR_3,bscs-2a,roxxo,bsit,computer-studies,
20260000254,Dickinson,Fern,Austin,SHS,GRADE_12,bscs-2a,cahel,,,css
20260000255,Christiansen,Jan,Jules,COLLEGE,YEAR_1,bscs-2a,roxxo,bsba,business-administration,
20260000256,Baumbach,Dudley,,COLLEGE,YEAR_1,bsit-2b,cahel,bshm,hotel-management,
20260000257,Price,Carolanne,,SHS,GRADE_12,bsit-2b,vierrdy,,,css
20260000258,Emard,Annamae,Rowan,COLLEGE,YEAR_2,stem-12b,vierrdy,bsit,computer-studies,
20260000259,Jerde,Godfrey,Blake,SHS,GRADE_11,bscs-2a,azul,,,he
20260000260,Hilpert,Jennyfer,Alex,SHS,GRADE_11,stem-12b,azul,,,abm
20260000261,Johnston-Kuvalis,Finn,Gray,COLLEGE,YEAR_1,stem-11a,giallio,bshm,hotel-management,
20260000262,Blanda,Gregg,,COLLEGE,YEAR_2,stem-11a,azul,bsit,computer-studies,
20260000263,Braun,Janet,,COLLEGE,YEAR_1,bsit-2b,giallio,bshm,hotel-management,
20260000264,Wolf,Erick,Austin,SHS,GRADE_11,stem-12b,giallio,,,css
20260000265,Borer,Wilfred,Drew,SHS,GRADE_11,bscs-2a,roxxo,,,css
20260000266,Schroeder,Dino,Jordan,SHS,GRADE_11,bsit-2b,giallio,,,he
20260000267,Schmitt,Janelle,Reese,SHS,GRADE_12,bsit-2b,roxxo,,,programming
20260000268,Smitham,Joel,Riley,COLLEGE,YEAR_1,bsit-2b,giallio,bsba,business-administration,
20260000269,Bosco,Genoveva,,COLLEGE,YEAR_2,stem-12b,roxxo,bscs,computer-studies,
20260000270,Luettgen,Trycia,North,SHS,GRADE_11,stem-12b,azul,,,animation
20260000271,Wilderman,Greta,Gray,SHS,GRADE_11,bscs-2a,cahel,,,css
20260000272,Weissnat,Zita,Alex,COLLEGE,YEAR_3,bsit-2b,vierrdy,bsit,computer-studies,
20260000273,Grant,Elody,Anderson,COLLEGE,YEAR_3,stem-11a,giallio,bsit,computer-studies,
20260000274,Powlowski,Tyrese,Elliott,SHS,GRADE_11,bscs-2a,azul,,,programming
20260000275,Zboncak,Geoffrey,Noah,COLLEGE,YEAR_1,bscs-2a,cahel,bsit,computer-studies,
20260000276,Dibbert,Reynold,,COLLEGE,YEAR_1,bsit-2b,cahel,bsba,business-administration,
20260000277,Hermiston,Andre,,COLLEGE,YEAR_3,stem-12b,roxxo,bsit,computer-studies,
20260000278,Bins,Nash,Angel,SHS,GRADE_12,bscs-2a,azul,,,he
20260000279,Yundt,Lina,,COLLEGE,YEAR_4,stem-11a,azul,bsit,computer-studies,
20260000280,Balistreri-Quigley,Isaiah,,COLLEGE,YEAR_1,bscs-2a,vierrdy,bsit,computer-studies,
20260000281,Swaniawski,Lowell,Taylor,COLLEGE,YEAR_3,stem-12b,vierrdy,bscs,computer-studies,
20260000282,Hyatt,Lamar,Kennedy,COLLEGE,YEAR_4,stem-12b,cahel,bshm,hotel-management,
20260000283,Quitzon,Margarett,,COLLEGE,YEAR_4,stem-12b,roxxo,bsit,computer-studies,
20260000284,O'Connell,Kevin,Jamie,COLLEGE,YEAR_4,stem-12b,roxxo,bscs,computer-studies,
20260000285,Zieme-Rice,Antonetta,,COLLEGE,YEAR_1,bsit-2b,vierrdy,bscs,computer-studies,
20260000286,Connelly,Emmanuelle,Blake,COLLEGE,YEAR_3,stem-11a,roxxo,bsba,business-administration,
20260000287,Ledner,Aryanna,Phoenix,SHS,GRADE_11,stem-12b,azul,,,animation
20260000288,Oberbrunner,Lydia,Corey,COLLEGE,YEAR_2,stem-12b,cahel,bshm,hotel-management,
20260000289,Gutmann,Abdul,Taylor,COLLEGE,YEAR_2,bscs-2a,vierrdy,bsba,business-administration,
20260000290,Hauck,Toney,,COLLEGE,YEAR_4,stem-11a,giallio,bsit,computer-studies,
20260000291,Greenfelder,Lambert,,SHS,GRADE_11,bsit-2b,roxxo,,,assh
20260000292,Wiza,Donnell,Bailey,SHS,GRADE_11,stem-12b,vierrdy,,,animation
20260000293,Torphy,Terrance,Corey,SHS,GRADE_12,bscs-2a,roxxo,,,stem
20260000294,Cormier,Dasia,,COLLEGE,YEAR_4,stem-11a,giallio,bshm,hotel-management,
20260000295,Murphy,Roxanne,,SHS,GRADE_12,bsit-2b,roxxo,,,css
20260000296,Schimmel,Dewitt,North,SHS,GRADE_11,stem-12b,roxxo,,,he
20260000297,Heidenreich,Avis,Phoenix,SHS,GRADE_11,stem-12b,roxxo,,,programming
20260000298,Goldner,Adell,Gray,SHS,GRADE_11,stem-11a,roxxo,,,he
20260000299,Koepp,Scotty,,COLLEGE,YEAR_1,bscs-2a,azul,bsit,computer-studies,
20260000300,Armstrong,Kale,,SHS,GRADE_11,bscs-2a,azul,,,he
20260000301,Breitenberg,Adrian,,COLLEGE,YEAR_2,stem-12b,vierrdy,bsit,computer-studies,
20260000302,Grant,Gerry,Arden,SHS,GRADE_12,stem-11a,giallio,,,assh
20260000303,Gislason,Lionel,Skyler,COLLEGE,YEAR_3,bscs-2a,vierrdy,bscs,computer-studies,
20260000304,Heathcote,Hank,,SHS,GRADE_12,stem-11a,vierrdy,,,abm
20260000305,Wunsch,Presley,Jamie,SHS,GRADE_12,bsit-2b,cahel,,,animation
20260000306,Grady,Ara,Quinn,SHS,GRADE_11,bscs-2a,roxxo,,,programming
20260000307,Hills,Emmett,,COLLEGE,YEAR_2,bsit-2b,giallio,bshm,hotel-management,
20260000308,Weissnat,Ken,Robin,SHS,GRADE_12,bscs-2a,cahel,,,he
20260000309,Emard,King,Nico,COLLEGE,YEAR_1,bscs-2a,vierrdy,bsba,business-administration,
20260000310,Flatley,Clarissa,,COLLEGE,YEAR_3,bscs-2a,azul,bsit,computer-studies,
20260000311,Mayer,Sammy,,COLLEGE,YEAR_2,stem-11a,cahel,bsba,business-administration,
20260000312,Lowe,Julianne,Jules,COLLEGE,YEAR_4,bscs-2a,vierrdy,bshm,hotel-management,
20260000313,Feest,Osvaldo,Logan,SHS,GRADE_12,bscs-2a,azul,,,css
20260000314,Raynor,Jerel,,COLLEGE,YEAR_4,bsit-2b,roxxo,bscs,computer-studies,
20260000315,Stamm,Damaris,Addison,SHS,GRADE_12,stem-12b,azul,,,css
20260000316,Zemlak,Reggie,,COLLEGE,YEAR_1,bscs-2a,cahel,bsba,business-administration,
20260000317,Lesch,Maud,Reese,SHS,GRADE_12,stem-11a,vierrdy,,,assh
20260000318,Kovacek,Aric,,SHS,GRADE_12,stem-12b,azul,,,abm
20260000319,Doyle,Mafalda,Rory,COLLEGE,YEAR_2,bsit-2b,cahel,bsit,computer-studies,
20260000320,Sporer,Vicente,Shawn,COLLEGE,YEAR_1,stem-11a,giallio,bsit,computer-studies,
20260000321,Harris,Vernie,Cameron,SHS,GRADE_12,stem-12b,vierrdy,,,programming
20260000322,Herman,Ernie,Quinn,SHS,GRADE_12,stem-11a,azul,,,animation
20260000323,Heaney,Olaf,Anderson,COLLEGE,YEAR_3,stem-12b,azul,bshm,hotel-management,
20260000324,Heller,May,Taylor,SHS,GRADE_12,stem-12b,azul,,,animation
20260000325,Trantow,Darlene,,COLLEGE,YEAR_2,stem-12b,azul,bsit,computer-studies,
20260000326,Marvin,Kiarra,Parker,COLLEGE,YEAR_1,bsit-2b,vierrdy,bscs,computer-studies,
20260000327,Crona,Anderson,Kendall,SHS,GRADE_12,bsit-2b,azul,,,animation
20260000328,DuBuque,Lupe,Emerson,COLLEGE,YEAR_2,stem-12b,azul,bshm,hotel-management,
20260000329,Kub,Adah,,SHS,GRADE_12,stem-11a,cahel,,,programming
20260000330,Gulgowski,Nicklaus,Riley,SHS,GRADE_11,stem-12b,giallio,,,css
20260000331,Wyman,Justen,,SHS,GRADE_12,stem-11a,cahel,,,programming
20260000332,Leannon,Annabell,Anderson,COLLEGE,YEAR_3,bscs-2a,vierrdy,bsba,business-administration,
20260000333,King,Ludie,,COLLEGE,YEAR_3,bsit-2b,cahel,bshm,hotel-management,
20260000334,Okuneva,Sydni,Sage,COLLEGE,YEAR_4,bscs-2a,vierrdy,bsba,business-administration,
20260000335,Kassulke,Izaiah,Corey,COLLEGE,YEAR_4,bscs-2a,vierrdy,bscs,computer-studies,
20260000336,Toy,Cleveland,,SHS,GRADE_12,stem-11a,cahel,,,programming
20260000337,Ebert,Magdalen,Reese,SHS,GRADE_12,stem-11a,giallio,,,css
20260000338,Streich,Gardner,James,COLLEGE,YEAR_2,bscs-2a,cahel,bscs,computer-studies,
20260000339,Pfeffer,Aracely,Quinn,SHS,GRADE_12,stem-12b,azul,,,programming
20260000340,Wisozk,Caleigh,Austin,COLLEGE,YEAR_4,bsit-2b,vierrdy,bsit,computer-studies,
20260000341,Rowe,Aiyana,Elliott,SHS,GRADE_11,bsit-2b,vierrdy,,,programming
20260000342,Hettinger,Velma,Nico,COLLEGE,YEAR_2,stem-11a,vierrdy,bsba,business-administration,
20260000343,Stanton,Genevieve,,COLLEGE,YEAR_2,bscs-2a,cahel,bsit,computer-studies,
20260000344,Abshire,Rosetta,,COLLEGE,YEAR_1,stem-12b,vierrdy,bsit,computer-studies,
20260000345,Deckow,Melvina,Riley,SHS,GRADE_12,bsit-2b,roxxo,,,stem
20260000346,Hilpert,Seamus,,COLLEGE,YEAR_2,bscs-2a,azul,bsba,business-administration,
20260000347,Rodriguez,Uriel,Bailey,SHS,GRADE_11,bsit-2b,giallio,,,animation
20260000348,Roberts,Mariane,,COLLEGE,YEAR_4,bsit-2b,azul,bsit,computer-studies,
20260000349,Hamill,Linnie,Blake,COLLEGE,YEAR_4,bscs-2a,cahel,bscs,computer-studies,
20260000350,Nader,Gwendolyn,,COLLEGE,YEAR_4,stem-12b,roxxo,bsba,business-administration,
20260000351,Cummings-Lindgren,Marcelo,Reese,COLLEGE,YEAR_4,bscs-2a,cahel,bsit,computer-studies,
20260000352,Sauer,Maryam,Reign,SHS,GRADE_11,stem-11a,roxxo,,,css
20260000353,Adams,Travon,,SHS,GRADE_11,bsit-2b,cahel,,,he
20260000354,Ullrich,Bell,Addison,COLLEGE,YEAR_2,stem-11a,giallio,bsit,computer-studies,
20260000355,Cassin,Benedict,,COLLEGE,YEAR_1,stem-12b,giallio,bsit,computer-studies,
20260000356,Abernathy,Hilbert,Reign,COLLEGE,YEAR_4,bscs-2a,cahel,bsba,business-administration,
20260000357,Schoen,Heather,Jaden,COLLEGE,YEAR_2,stem-12b,giallio,bsit,computer-studies,
20260000358,McGlynn,Enos,Bowie,SHS,GRADE_11,stem-11a,giallio,,,assh
20260000359,Tromp,Vito,Corey,COLLEGE,YEAR_1,stem-11a,azul,bsba,business-administration,
20260000360,Huels,Raven,Drew,COLLEGE,YEAR_1,stem-11a,vierrdy,bshm,hotel-management,
20260000361,Hamill,Diamond,,COLLEGE,YEAR_4,bscs-2a,giallio,bshm,hotel-management,
20260000362,Conn,Wade,Robin,COLLEGE,YEAR_3,bscs-2a,cahel,bsba,business-administration,
20260000363,Kulas-Price,Alessandra,Emerson,COLLEGE,YEAR_2,stem-11a,azul,bsit,computer-studies,
20260000364,Ankunding,Adriel,,SHS,GRADE_11,stem-11a,giallio,,,he
20260000365,Paucek,Salvador,Reign,SHS,GRADE_12,stem-12b,azul,,,animation
20260000366,Baumbach,Garth,,SHS,GRADE_11,stem-12b,cahel,,,he
20260000367,Ritchie,Jimmy,Marlowe,COLLEGE,YEAR_1,bsit-2b,azul,bshm,hotel-management,
20260000368,Bins,Anabelle,Micah,COLLEGE,YEAR_1,bscs-2a,roxxo,bshm,hotel-management,
20260000369,Bauch,Annetta,,SHS,GRADE_11,stem-12b,cahel,,,programming
20260000370,Tromp,Myrtie,,COLLEGE,YEAR_3,bscs-2a,vierrdy,bsit,computer-studies,
20260000371,Corkery,Houston,Austin,COLLEGE,YEAR_2,bsit-2b,azul,bsit,computer-studies,
20260000372,Reynolds,Marty,,SHS,GRADE_12,bsit-2b,cahel,,,stem
20260000373,Wolf,Donna,,SHS,GRADE_12,stem-11a,roxxo,,,stem
20260000374,Halvorson,Kennedi,,COLLEGE,YEAR_3,bscs-2a,roxxo,bsit,computer-studies,
20260000375,Schuster,Trevor,,COLLEGE,YEAR_4,bscs-2a,azul,bsba,business-administration,
20260000376,Becker,Sigurd,Bowie,COLLEGE,YEAR_4,bsit-2b,azul,bsba,business-administration,
20260000377,Moore,Enola,,COLLEGE,YEAR_2,stem-12b,giallio,bsba,business-administration,
20260000378,Cruickshank,Karianne,,COLLEGE,YEAR_4,bsit-2b,giallio,bsit,computer-studies,
20260000379,Breitenberg,Everardo,,COLLEGE,YEAR_2,bscs-2a,azul,bsit,computer-studies,
20260000380,Haley,Hollie,Jaden,SHS,GRADE_11,stem-12b,cahel,,,css
20260000381,Moen,Bette,Bailey,COLLEGE,YEAR_1,bscs-2a,giallio,bsit,computer-studies,
20260000382,Waelchi,Chaim,,SHS,GRADE_12,bsit-2b,cahel,,,stem
20260000383,Predovic,Marc,Brooklyn,SHS,GRADE_12,stem-11a,azul,,,assh
20260000384,Bradtke,Bennett,Austin,SHS,GRADE_12,stem-12b,cahel,,,he
20260000385,Maggio,Joy,Charlie,SHS,GRADE_11,bsit-2b,azul,,,css
20260000386,Veum,Brent,Rowan,SHS,GRADE_11,stem-12b,vierrdy,,,animation
20260000387,Swift,Lessie,Shiloh,COLLEGE,YEAR_3,stem-11a,azul,bsba,business-administration,
20260000388,McGlynn,Elinor,,SHS,GRADE_12,stem-11a,roxxo,,,he
20260000389,Langosh,Gladys,James,SHS,GRADE_12,bscs-2a,cahel,,,stem
20260000390,Boyer,Missouri,Sage,COLLEGE,YEAR_2,stem-11a,cahel,bsit,computer-studies,
20260000391,Murphy,Estella,,SHS,GRADE_12,stem-12b,vierrdy,,,abm
20260000392,Yundt,Mariam,Corey,COLLEGE,YEAR_1,stem-11a,cahel,bscs,computer-studies,
20260000393,Sanford,Kiana,Sage,SHS,GRADE_12,stem-11a,roxxo,,,stem
20260000394,Prohaska,Fay,,SHS,GRADE_12,stem-12b,vierrdy,,,he
20260000395,Tromp,Dayne,,COLLEGE,YEAR_2,bsit-2b,roxxo,bshm,hotel-management,
20260000396,Harber,Leann,,COLLEGE,YEAR_2,stem-11a,azul,bsba,business-administration,
20260000397,Grady,Lois,,SHS,GRADE_12,stem-11a,cahel,,,programming
20260000398,Buckridge,Seth,Hayden,COLLEGE,YEAR_1,bsit-2b,giallio,bsit,computer-studies,
20260000399,Johnson,Abel,,SHS,GRADE_11,stem-12b,vierrdy,,,he
20260000400,Russel,Leonard,Kennedy,SHS,GRADE_11,stem-12b,cahel,,,stem
20260000401,Rau,Eugene,Riley,SHS,GRADE_11,stem-12b,azul,,,programming
20260000402,Rutherford,Sean,Jules,SHS,GRADE_12,bscs-2a,vierrdy,,,animation
20260000403,Connelly,Clarissa,Hayden,SHS,GRADE_11,stem-12b,cahel,,,stem
20260000404,Walter,Marcella,Corey,SHS,GRADE_12,stem-12b,giallio,,,he
20260000405,Kshlerin,Adrain,Jordan,COLLEGE,YEAR_1,stem-12b,giallio,bsit,computer-studies,
20260000406,Goodwin,Ines,,SHS,GRADE_12,bscs-2a,cahel,,,animation
20260000407,Franecki,Coleman,,SHS,GRADE_11,stem-12b,cahel,,,css
20260000408,Lang,Daphne,Rowan,COLLEGE,YEAR_1,bscs-2a,roxxo,bshm,hotel-management,
20260000409,Renner,Abigayle,,COLLEGE,YEAR_3,bscs-2a,roxxo,bscs,computer-studies,
20260000410,Willms,Maurine,Noah,COLLEGE,YEAR_1,stem-11a,roxxo,bsit,computer-studies,
20260000411,Ryan,Alexane,,COLLEGE,YEAR_4,bsit-2b,cahel,bshm,hotel-management,
20260000412,Heaney,Dwight,Anderson,COLLEGE,YEAR_4,stem-12b,roxxo,bscs,computer-studies,
20260000413,Smitham,Janiya,Micah,COLLEGE,YEAR_3,bsit-2b,azul,bscs,computer-studies,
20260000414,Bashirian,Liza,August,SHS,GRADE_11,bscs-2a,cahel,,,assh
20260000415,Moore,Marquis,,SHS,GRADE_12,bscs-2a,giallio,,,css
20260000416,Rosenbaum,Karlie,Angel,COLLEGE,YEAR_4,stem-12b,giallio,bsit,computer-studies,
20260000417,Upton,Carey,,SHS,GRADE_11,bsit-2b,giallio,,,stem
20260000418,Feest,Tiffany,Austin,COLLEGE,YEAR_1,bscs-2a,roxxo,bsit,computer-studies,
20260000419,Marvin,Shanie,,SHS,GRADE_11,stem-12b,azul,,,animation
20260000420,Rice,Kraig,Anderson,COLLEGE,YEAR_4,bsit-2b,giallio,bshm,hotel-management,
20260000421,Lueilwitz,Sigmund,River,SHS,GRADE_12,stem-11a,cahel,,,assh
20260000422,Hermann,Cale,Logan,COLLEGE,YEAR_1,bscs-2a,azul,bsit,computer-studies,
20260000423,Abshire,Keely,Avery,COLLEGE,YEAR_1,stem-11a,vierrdy,bscs,computer-studies,
20260000424,Runolfsdottir,Agnes,Sawyer,SHS,GRADE_11,bscs-2a,giallio,,,assh
20260000425,Swift,Jo,Ryan,SHS,GRADE_11,stem-12b,vierrdy,,,he
20260000426,Bosco,Loy,,SHS,GRADE_12,bsit-2b,azul,,,programming
20260000427,Balistreri,Naomie,Hayden,COLLEGE,YEAR_3,stem-11a,giallio,bsit,computer-studies,
20260000428,Maggio,Buster,North,COLLEGE,YEAR_2,bscs-2a,azul,bsba,business-administration,
20260000429,Hansen,Eloy,Blake,COLLEGE,YEAR_1,bsit-2b,vierrdy,bsit,computer-studies,
20260000430,Pollich,Jace,Micah,SHS,GRADE_11,bscs-2a,roxxo,,,programming
20260000431,Johns,Carmela,Harper,COLLEGE,YEAR_4,bsit-2b,vierrdy,bscs,computer-studies,
20260000432,Green,Ebba,,COLLEGE,YEAR_4,bscs-2a,azul,bshm,hotel-management,
20260000433,Bosco,Alverta,,COLLEGE,YEAR_3,stem-12b,giallio,bsit,computer-studies,
20260000434,Wehner,London,Sage,COLLEGE,YEAR_4,stem-12b,giallio,bshm,hotel-management,
20260000435,Maggio,Waylon,Quinn,COLLEGE,YEAR_4,stem-11a,vierrdy,bsit,computer-studies,
20260000436,Wiegand,Elias,Jordan,SHS,GRADE_12,bsit-2b,vierrdy,,,stem
20260000437,Bergnaum,Ruth,Jaden,COLLEGE,YEAR_1,stem-12b,giallio,bsba,business-administration,
20260000438,Pacocha,Nash,Robin,COLLEGE,YEAR_2,stem-11a,roxxo,bsba,business-administration,
20260000439,Homenick,Talia,Drew,SHS,GRADE_12,stem-12b,azul,,,he
20260000440,Kiehn,Einar,Arden,COLLEGE,YEAR_1,bscs-2a,vierrdy,bscs,computer-studies,
20260000441,Ullrich,Rosendo,Leslie,SHS,GRADE_11,stem-11a,roxxo,,,he
20260000442,Hartmann,Humberto,,SHS,GRADE_11,stem-12b,vierrdy,,,stem
20260000443,Waelchi,Janice,Noah,SHS,GRADE_11,stem-12b,cahel,,,abm
20260000444,West,Carmelo,Reign,COLLEGE,YEAR_3,stem-12b,cahel,bscs,computer-studies,
20260000445,Marvin,Myrtie,Reese,COLLEGE,YEAR_1,stem-12b,roxxo,bsba,business-administration,
20260000446,Rath,Karelle,Robin,SHS,GRADE_11,bsit-2b,roxxo,,,abm
20260000447,Cruickshank,Bria,,SHS,GRADE_12,stem-12b,azul,,,animation
20260000448,Hayes,Antonio,Jordan,SHS,GRADE_11,bscs-2a,roxxo,,,he
20260000449,Hahn,Weston,,SHS,GRADE_11,stem-12b,vierrdy,,,css
20260000450,Bartell,Emmie,Jules,SHS,GRADE_11,bsit-2b,vierrdy,,,programming
20260000451,Schmeler,Brooks,,COLLEGE,YEAR_2,stem-12b,roxxo,bshm,hotel-management,
20260000452,Fahey,Corrine,Cameron,COLLEGE,YEAR_2,stem-11a,vierrdy,bsit,computer-studies,
20260000453,Lueilwitz,Sigmund,Brooklyn,COLLEGE,YEAR_4,bsit-2b,vierrdy,bsba,business-administration,
20260000454,Schaefer,Elody,Billie,SHS,GRADE_12,stem-11a,vierrdy,,,programming
20260000455,Wisozk,Arden,Corey,SHS,GRADE_12,bscs-2a,cahel,,,abm
20260000456,Kessler,Rigoberto,Brooklyn,SHS,GRADE_12,stem-11a,vierrdy,,,stem
20260000457,Price,Geovanni,,SHS,GRADE_11,stem-12b,azul,,,programming
20260000458,Jacobson,Sabryna,,COLLEGE,YEAR_2,stem-12b,giallio,bscs,computer-studies,
20260000459,Harvey,Gertrude,Leslie,COLLEGE,YEAR_1,bscs-2a,giallio,bsba,business-administration,
20260000460,Koss,Lindsay,Finley,SHS,GRADE_12,stem-11a,cahel,,,css
20260000461,Satterfield,Abbey,Bailey,COLLEGE,YEAR_4,stem-12b,vierrdy,bsba,business-administration,
20260000462,Crooks,Candice,,SHS,GRADE_11,bscs-2a,vierrdy,,,assh
20260000463,Walter,Bettie,Taylor,COLLEGE,YEAR_3,stem-12b,azul,bscs,computer-studies,
20260000464,Schuppe,Juliet,Anderson,COLLEGE,YEAR_3,bscs-2a,cahel,bsit,computer-studies,
20260000465,Bogan,Phoebe,Quinn,COLLEGE,YEAR_1,bsit-2b,roxxo,bshm,hotel-management,
20260000466,Bechtelar-Collier,Isidro,Marlowe,COLLEGE,YEAR_4,stem-11a,vierrdy,bscs,computer-studies,
20260000467,Schmeler,Jordane,,COLLEGE,YEAR_3,bscs-2a,roxxo,bshm,hotel-management,
20260000468,McDermott,Stewart,,COLLEGE,YEAR_4,bsit-2b,cahel,bsit,computer-studies,
20260000469,Bednar-Halvorson,Everardo,Kendall,COLLEGE,YEAR_2,bsit-2b,azul,bscs,computer-studies,
20260000470,Welch,Tristian,Reagan,COLLEGE,YEAR_3,stem-11a,vierrdy,bsit,computer-studies,
20260000471,Pagac,Skylar,Riley,SHS,GRADE_11,stem-12b,cahel,,,he
20260000472,Hodkiewicz,Gertrude,Billie,SHS,GRADE_12,stem-11a,roxxo,,,animation
20260000473,Goodwin,Emanuel,Shiloh,COLLEGE,YEAR_2,stem-11a,azul,bsba,business-administration,
20260000474,Weimann,Zelda,Kai,COLLEGE,YEAR_2,bscs-2a,azul,bsit,computer-studies,
20260000475,Terry,Karlie,Corey,SHS,GRADE_12,stem-11a,azul,,,assh
20260000476,Stracke,Precious,,SHS,GRADE_12,stem-11a,giallio,,,stem
20260000477,Hoppe,Rashawn,,COLLEGE,YEAR_4,stem-11a,vierrdy,bsba,business-administration,
20260000478,Hermiston,Walter,Harper,COLLEGE,YEAR_2,bsit-2b,roxxo,bsit,computer-studies,
20260000479,Fisher,Brendon,,COLLEGE,YEAR_3,stem-12b,roxxo,bshm,hotel-management,
20260000480,Cole,Charlie,London,SHS,GRADE_11,bsit-2b,giallio,,,animation
20260000481,Dibbert,Gloria,,SHS,GRADE_12,stem-12b,azul,,,animation
20260000482,Weissnat,Mollie,Avery,COLLEGE,YEAR_4,stem-11a,roxxo,bsit,computer-studies,
20260000483,Bednar,Douglas,Austin,SHS,GRADE_12,stem-11a,vierrdy,,,css
20260000484,Batz-Homenick,Vena,,COLLEGE,YEAR_1,bsit-2b,vierrdy,bshm,hotel-management,
20260000485,Zboncak,Merlin,Skyler,SHS,GRADE_12,bscs-2a,cahel,,,animation
20260000486,O'Keefe,Jalon,Bowie,COLLEGE,YEAR_2,bscs-2a,giallio,bscs,computer-studies,
20260000487,Kuphal,Tyrique,,COLLEGE,YEAR_4,stem-12b,vierrdy,bscs,computer-studies,
20260000488,White,Rosalinda,Billie,COLLEGE,YEAR_4,stem-12b,cahel,bsit,computer-studies,
20260000489,Hickle,Ralph,Hayden,SHS,GRADE_12,stem-11a,vierrdy,,,programming
20260000490,Koelpin,Judge,Jules,COLLEGE,YEAR_4,stem-12b,azul,bscs,computer-studies,
20260000491,Schmitt,Elinore,,COLLEGE,YEAR_4,stem-11a,azul,bscs,computer-studies,
20260000492,Reinger,Adrian,Elliott,COLLEGE,YEAR_3,stem-11a,azul,bscs,computer-studies,
20260000493,Schowalter,Keagan,Kendall,COLLEGE,YEAR_1,stem-12b,vierrdy,bsit,computer-studies,
20260000494,O'Conner,Robert,Blake,COLLEGE,YEAR_1,stem-12b,giallio,bsit,computer-studies,
20260000495,Dicki,Rowan,,SHS,GRADE_12,stem-12b,azul,,,assh
20260000496,Rice,Ebba,Parker,COLLEGE,YEAR_4,bscs-2a,roxxo,bsba,business-administration,
20260000497,Hansen,Piper,Skyler,COLLEGE,YEAR_1,stem-12b,cahel,bsit,computer-studies,
20260000498,Ziemann,Adolphus,,COLLEGE,YEAR_4,stem-12b,cahel,bscs,computer-studies,
20260000499,Quitzon,Roberto,,SHS,GRADE_11,bsit-2b,vierrdy,,,stem
20260000500,Streich,Madyson,Blake,COLLEGE,YEAR_1,stem-12b,roxxo,bsit,computer-studies,
20260000501,Lebsack,Theron,,COLLEGE,YEAR_2,bscs-2a,giallio,bsit,computer-studies,
20260000502,Schulist,Evans,Finley,COLLEGE,YEAR_2,stem-12b,roxxo,bsit,computer-studies,
20260000503,Jerde,Lloyd,North,SHS,GRADE_12,stem-12b,roxxo,,,abm
20260000504,Green,Trinity,James,COLLEGE,YEAR_4,stem-12b,azul,bshm,hotel-management,
20260000505,Carroll,Amelia,,SHS,GRADE_11,bsit-2b,azul,,,abm
20260000506,Buckridge,Kallie,,SHS,GRADE_11,stem-12b,azul,,,animation
20260000507,Walter,Eva,Brooklyn,SHS,GRADE_12,bsit-2b,roxxo,,,animation
20260000508,O'Hara,Lucius,River,SHS,GRADE_11,stem-11a,roxxo,,,he
20260000509,Murphy,Haven,Kyle,SHS,GRADE_12,bscs-2a,giallio,,,animation
20260000510,Effertz,Rhea,,COLLEGE,YEAR_2,bscs-2a,giallio,bsba,business-administration,
20260000511,Gleichner,Josh,Gray,COLLEGE,YEAR_1,bscs-2a,roxxo,bscs,computer-studies,
20260000512,Langworth,Milan,,SHS,GRADE_12,stem-11a,roxxo,,,he
20260000513,Schamberger,Kiana,Rory,SHS,GRADE_11,stem-12b,giallio,,,programming
20260000514,Friesen,Kaden,Anderson,SHS,GRADE_11,stem-11a,azul,,,stem
20260000515,Barton,Cordell,Jules,SHS,GRADE_11,stem-11a,cahel,,,css
20260000516,Herman,Jennyfer,,COLLEGE,YEAR_4,stem-11a,giallio,bsit,computer-studies,
20260000517,Langosh,Durward,Angel,COLLEGE,YEAR_4,stem-11a,roxxo,bscs,computer-studies,
20260000518,Hintz,Enrico,Shiloh,SHS,GRADE_11,stem-12b,vierrdy,,,abm
20260000519,Walter,Krista,Ryan,SHS,GRADE_12,stem-11a,vierrdy,,,animation
20260000520,Wiegand,Maureen,,COLLEGE,YEAR_1,bsit-2b,roxxo,bscs,computer-studies,
20260000521,Sipes,Lexi,Rory,COLLEGE,YEAR_1,stem-11a,cahel,bscs,computer-studies,
20260000522,Schumm,Branson,,COLLEGE,YEAR_1,bscs-2a,cahel,bscs,computer-studies,
20260000523,Murray,Jammie,Gray,COLLEGE,YEAR_2,stem-11a,vierrdy,bshm,hotel-management,
20260000524,Schmeler,Maxwell,Marlowe,COLLEGE,YEAR_3,stem-12b,giallio,bsba,business-administration,
20260000525,Blanda,Haleigh,Noah,SHS,GRADE_12,stem-12b,roxxo,,,css
20260000526,Langworth,Jolie,Ellis,SHS,GRADE_12,bsit-2b,vierrdy,,,he
20260000527,Paucek,Mitchell,Emerson,COLLEGE,YEAR_4,bsit-2b,roxxo,bsit,computer-studies,
20260000528,Lesch,Reilly,Sage,SHS,GRADE_11,bsit-2b,giallio,,,stem
20260000529,Kiehn,Edmond,Jordan,COLLEGE,YEAR_2,bscs-2a,cahel,bscs,computer-studies,
20260000530,Stroman,Dino,Jules,SHS,GRADE_12,stem-12b,cahel,,,abm
20260000531,Wilkinson,Leanna,Arden,COLLEGE,YEAR_3,stem-12b,azul,bshm,hotel-management,
20260000532,Steuber,Connor,Kyle,COLLEGE,YEAR_2,bscs-2a,vierrdy,bsit,computer-studies,
20260000533,Thompson,Carolyn,Ellis,SHS,GRADE_11,stem-11a,cahel,,,he
20260000534,Huel,Carlie,,SHS,GRADE_11,bsit-2b,azul,,,css
20260000535,Cormier,Bennie,Austin,COLLEGE,YEAR_4,bscs-2a,cahel,bsit,computer-studies,
20260000536,Jones,Pattie,,COLLEGE,YEAR_4,bscs-2a,cahel,bsba,business-administration,
20260000537,Treutel,Jerry,Blake,COLLEGE,YEAR_2,stem-11a,roxxo,bshm,hotel-management,
20260000538,Casper,Adolf,,COLLEGE,YEAR_2,stem-11a,azul,bscs,computer-studies,
20260000539,Ondricka,Orval,Hayden,SHS,GRADE_12,bsit-2b,vierrdy,,,animation
20260000540,Hickle,Gino,,COLLEGE,YEAR_1,stem-12b,roxxo,bshm,hotel-management,
20260000541,VonRueden,Peter,,SHS,GRADE_12,stem-12b,vierrdy,,,he
20260000542,Wiza,Stephania,,COLLEGE,YEAR_4,stem-11a,giallio,bsba,business-administration,
20260000543,Roberts,Terence,,COLLEGE,YEAR_4,bsit-2b,azul,bshm,hotel-management,
20260000544,King,Lew,,COLLEGE,YEAR_4,bsit-2b,roxxo,bsba,business-administration,
20260000545,Greenfelder,Kaci,,COLLEGE,YEAR_3,bscs-2a,azul,bscs,computer-studies,
20260000546,Roberts,Joesph,Hayden,SHS,GRADE_11,bsit-2b,giallio,,,programming
20260000547,Champlin,Harmony,Angel,COLLEGE,YEAR_1,stem-12b,giallio,bsit,computer-studies,
20260000548,O'Keefe,Kellen,Nico,COLLEGE,YEAR_2,stem-11a,vierrdy,bsba,business-administration,
20260000549,Schuster,Cristobal,Skyler,COLLEGE,YEAR_2,bsit-2b,azul,bsba,business-administration,
20260000550,Fadel,Joany,Reagan,SHS,GRADE_12,stem-11a,cahel,,,animation
20260000551,Runolfsdottir,Ezra,,COLLEGE,YEAR_2,stem-12b,cahel,bsit,computer-studies,
20260000552,Huel,Georgette,,COLLEGE,YEAR_2,stem-11a,vierrdy,bsit,computer-studies,
20260000553,Mayert,Yvonne,Ryan,COLLEGE,YEAR_4,stem-11a,vierrdy,bscs,computer-studies,
20260000554,Strosin,Hertha,Reign,SHS,GRADE_12,stem-12b,vierrdy,,,programming
20260000555,Terry,Coleman,Rowan,SHS,GRADE_12,bsit-2b,vierrdy,,,stem
20260000556,Weber,Marlee,Blake,SHS,GRADE_11,stem-12b,roxxo,,,animation
20260000557,Heller,Ophelia,Angel,COLLEGE,YEAR_1,bscs-2a,cahel,bsit,computer-studies,
20260000558,Berge,Kayla,,COLLEGE,YEAR_3,stem-11a,azul,bsba,business-administration,
20260000559,Koepp,Susanna,Gray,COLLEGE,YEAR_1,bscs-2a,vierrdy,bshm,hotel-management,
20260000560,Ruecker,Sylvan,,COLLEGE,YEAR_2,stem-11a,roxxo,bsba,business-administration,
20260000561,Collier,Mercedes,Phoenix,COLLEGE,YEAR_2,bscs-2a,azul,bsit,computer-studies,
20260000562,Friesen,Cristina,River,SHS,GRADE_11,stem-11a,roxxo,,,css
20260000563,Wolf,Kallie,Avery,COLLEGE,YEAR_4,stem-12b,giallio,bsit,computer-studies,
20260000564,Wehner,Hassan,,SHS,GRADE_12,bsit-2b,giallio,,,stem
20260000565,Cormier,Erick,Finley,SHS,GRADE_12,bsit-2b,giallio,,,abm
20260000566,Beier,Ashton,Ryan,SHS,GRADE_11,bsit-2b,giallio,,,he
20260000567,Ryan,Lilian,August,SHS,GRADE_11,bscs-2a,vierrdy,,,abm
20260000568,Blanda,Alek,,SHS,GRADE_11,bscs-2a,azul,,,he
20260000569,Renner,Lizeth,Billie,SHS,GRADE_12,stem-12b,giallio,,,he
20260000570,Runolfsdottir,Daryl,London,SHS,GRADE_12,stem-12b,roxxo,,,css
20260000571,Hintz,Gracie,Phoenix,SHS,GRADE_11,stem-11a,roxxo,,,stem
20260000572,Nicolas,Theron,August,COLLEGE,YEAR_2,bsit-2b,cahel,bshm,hotel-management,
20260000573,Johnston,Adrien,Marlowe,SHS,GRADE_11,stem-11a,giallio,,,animation
20260000574,King,Van,Elliott,SHS,GRADE_12,bsit-2b,vierrdy,,,stem
20260000575,Ullrich,Lorenz,,SHS,GRADE_12,bscs-2a,vierrdy,,,he
20260000576,Rippin,Bethel,Robin,COLLEGE,YEAR_4,stem-12b,giallio,bscs,computer-studies,
20260000577,Bergstrom,Brock,Anderson,COLLEGE,YEAR_2,bscs-2a,giallio,bshm,hotel-management,
20260000578,Kiehn,Olaf,August,COLLEGE,YEAR_4,bscs-2a,cahel,bsit,computer-studies,
20260000579,Gislason,David,Skyler,SHS,GRADE_12,stem-11a,giallio,,,css
20260000580,Reichel,Cordell,,COLLEGE,YEAR_2,bsit-2b,giallio,bshm,hotel-management,
20260000581,Auer,Rickie,Hayden,SHS,GRADE_12,stem-11a,giallio,,,css
20260000582,Franecki,Raoul,Emerson,SHS,GRADE_11,stem-11a,cahel,,,animation
20260000583,Feil,David,,COLLEGE,YEAR_1,stem-11a,cahel,bscs,computer-studies,
20260000584,Roob,Giles,Reign,COLLEGE,YEAR_3,bsit-2b,giallio,bshm,hotel-management,
20260000585,Donnelly,Katelin,Jules,COLLEGE,YEAR_4,stem-11a,azul,bsba,business-administration,
20260000586,Reinger,Hoyt,Charlie,SHS,GRADE_11,stem-11a,cahel,,,css
20260000587,Reichel,Dock,,COLLEGE,YEAR_3,bscs-2a,roxxo,bscs,computer-studies,
20260000588,Pacocha,Matteo,Blake,SHS,GRADE_12,stem-11a,azul,,,animation
20260000589,Goyette,Mercedes,River,COLLEGE,YEAR_2,stem-11a,vierrdy,bsba,business-administration,
20260000590,Powlowski-Weissnat,Lacey,,SHS,GRADE_11,stem-12b,azul,,,programming
20260000591,Kutch,Ottis,Sage,COLLEGE,YEAR_1,bscs-2a,roxxo,bshm,hotel-management,
20260000592,Bernier,Patsy,,COLLEGE,YEAR_4,bsit-2b,giallio,bscs,computer-studies,
20260000593,Connelly,Arno,,SHS,GRADE_12,bscs-2a,giallio,,,stem
20260000594,Yost,Savion,August,SHS,GRADE_12,bsit-2b,giallio,,,css
20260000595,Harris,Marcella,Arden,COLLEGE,YEAR_1,stem-12b,roxxo,bscs,computer-studies,
20260000596,Marks,Zetta,Rory,SHS,GRADE_12,bscs-2a,vierrdy,,,css
20260000597,Hegmann,Emerald,,SHS,GRADE_11,bsit-2b,azul,,,css
20260000598,Medhurst,Helmer,Sawyer,COLLEGE,YEAR_2,bscs-2a,giallio,bshm,hotel-management,
20260000599,Barrows,Raegan,Reign,COLLEGE,YEAR_1,bsit-2b,roxxo,bsit,computer-studies,
20260000600,Thiel,Elizabeth,Dakota,SHS,GRADE_12,stem-12b,roxxo,,,programming
20260000601,Rath,Corene,Marlowe,COLLEGE,YEAR_2,bscs-2a,roxxo,bscs,computer-studies,
20260000602,Hagenes,Elton,Sasha,COLLEGE,YEAR_2,bsit-2b,azul,bshm,hotel-management,
20260000603,Spencer,Jacky,,COLLEGE,YEAR_4,stem-11a,vierrdy,bsit,computer-studies,
20260000604,Ullrich,Mariah,Nico,SHS,GRADE_11,bsit-2b,azul,,,assh
20260000605,Bernhard,Erick,Taylor,COLLEGE,YEAR_1,bscs-2a,vierrdy,bsit,computer-studies,
20260000606,Rohan,Dessie,,COLLEGE,YEAR_3,bsit-2b,cahel,bshm,hotel-management,
20260000607,Torp,Thad,,COLLEGE,YEAR_3,stem-12b,giallio,bsba,business-administration,
20260000608,Aufderhar,Erik,,COLLEGE,YEAR_2,bscs-2a,azul,bshm,hotel-management,
20260000609,Zboncak,Jessyca,,SHS,GRADE_12,stem-12b,azul,,,programming
20260000610,Mitchell,Yadira,Sawyer,COLLEGE,YEAR_4,stem-11a,vierrdy,bshm,hotel-management,
20260000611,King,Reggie,Riley,COLLEGE,YEAR_4,bsit-2b,roxxo,bshm,hotel-management,
20260000612,Wolff,Karen,Brooklyn,SHS,GRADE_12,bsit-2b,cahel,,,abm
20260000613,Rippin,Clemens,Finley,COLLEGE,YEAR_1,bsit-2b,cahel,bshm,hotel-management,
20260000614,Nader,Jeffrey,,SHS,GRADE_12,stem-12b,azul,,,animation
20260000615,Carter,Tommie,Reese,COLLEGE,YEAR_2,stem-11a,vierrdy,bsba,business-administration,
20260000616,Fadel,Duncan,Elliott,SHS,GRADE_12,bsit-2b,azul,,,abm
20260000617,Altenwerth,Roman,Elliott,COLLEGE,YEAR_3,bscs-2a,azul,bshm,hotel-management,
20260000618,Kshlerin,Cheyanne,,SHS,GRADE_11,bscs-2a,roxxo,,,animation
20260000619,Stark,Stella,Finley,COLLEGE,YEAR_4,stem-12b,cahel,bscs,computer-studies,
20260000620,Muller,Ashton,Kendall,SHS,GRADE_11,stem-11a,cahel,,,programming
20260000621,Cruickshank,Murphy,Blake,COLLEGE,YEAR_4,bsit-2b,azul,bscs,computer-studies,
20260000622,Runolfsson,Nicholaus,,COLLEGE,YEAR_4,stem-12b,vierrdy,bsba,business-administration,
20260000623,Block,Michale,Drew,COLLEGE,YEAR_2,stem-12b,cahel,bshm,hotel-management,
20260000624,Maggio,Estel,Gray,SHS,GRADE_12,stem-12b,cahel,,,animation
20260000625,Nitzsche,Missouri,,SHS,GRADE_11,stem-12b,roxxo,,,abm
20260000626,Runolfsdottir,Kyle,River,SHS,GRADE_12,stem-11a,roxxo,,,css
20260000627,Boyer,Marshall,Kyle,SHS,GRADE_11,bscs-2a,roxxo,,,stem
20260000628,Kemmer,Randal,North,SHS,GRADE_11,bsit-2b,roxxo,,,css
20260000629,Corkery,Chester,,SHS,GRADE_12,stem-11a,giallio,,,abm
20260000630,Crooks-Kuvalis,Tre,Dakota,COLLEGE,YEAR_3,bsit-2b,azul,bsba,business-administration,
20260000631,Olson,Rodrigo,Jaden,COLLEGE,YEAR_3,bscs-2a,giallio,bshm,hotel-management,
20260000632,Hilpert,Kavon,Greer,COLLEGE,YEAR_3,stem-11a,giallio,bshm,hotel-management,
20260000633,Rodriguez,Bert,Micah,COLLEGE,YEAR_1,bscs-2a,cahel,bsba,business-administration,
20260000634,Wisozk,Cyril,Hayden,COLLEGE,YEAR_4,bsit-2b,azul,bscs,computer-studies,
20260000635,Will,Mitchell,,COLLEGE,YEAR_1,bsit-2b,vierrdy,bsit,computer-studies,
20260000636,Batz,Kaylie,Taylor,SHS,GRADE_11,bsit-2b,azul,,,stem
20260000637,Mraz,Lambert,,SHS,GRADE_12,stem-11a,roxxo,,,abm
20260000638,Reichel,Keeley,,COLLEGE,YEAR_1,stem-12b,cahel,bsit,computer-studies,
20260000639,Boehm,Lucio,Dakota,COLLEGE,YEAR_3,bscs-2a,cahel,bsba,business-administration,
20260000640,Little,Krystel,Greer,COLLEGE,YEAR_4,stem-11a,vierrdy,bscs,computer-studies,
20260000641,Kunde,Gail,,COLLEGE,YEAR_2,stem-11a,vierrdy,bsit,computer-studies,
20260000642,Graham,Reggie,,COLLEGE,YEAR_4,bscs-2a,cahel,bsba,business-administration,
20260000643,Cremin-Nikolaus,Marvin,Jules,SHS,GRADE_12,stem-12b,roxxo,,,animation
20260000644,Dickinson,Janessa,James,SHS,GRADE_12,stem-11a,vierrdy,,,assh
20260000645,Goyette,Jorge,,SHS,GRADE_12,stem-11a,roxxo,,,programming
20260000646,Barton,Rosamond,,SHS,GRADE_12,stem-11a,giallio,,,he
20260000647,Powlowski,Tyra,Alex,COLLEGE,YEAR_2,stem-11a,vierrdy,bsit,computer-studies,
20260000648,Jast,Haskell,Greer,SHS,GRADE_12,stem-12b,roxxo,,,animation
20260000649,Gleason,Misael,Micah,SHS,GRADE_11,bsit-2b,roxxo,,,stem
20260000650,Cartwright,Destiny,Corey,COLLEGE,YEAR_3,bscs-2a,vierrdy,bsba,business-administration,
20260000651,Doyle,Trevion,Reese,COLLEGE,YEAR_1,stem-11a,giallio,bsba,business-administration,
20260000652,Jast,Zula,,COLLEGE,YEAR_4,stem-12b,cahel,bsba,business-administration,
20260000653,Stroman,Brielle,Jules,SHS,GRADE_11,bsit-2b,azul,,,css
20260000654,Crooks-Champlin,Reed,Robin,SHS,GRADE_12,stem-11a,vierrdy,,,css
20260000655,Crooks,Kurt,,SHS,GRADE_11,stem-11a,azul,,,stem
20260000656,Kulas,Kenyatta,,SHS,GRADE_12,bscs-2a,roxxo,,,he
20260000657,Gerhold,Juliet,,SHS,GRADE_11,stem-12b,cahel,,,stem
20260000658,Kuhn,Anastasia,,COLLEGE,YEAR_4,stem-12b,azul,bscs,computer-studies,
20260000659,Wilkinson,Jean,Harper,SHS,GRADE_11,bsit-2b,cahel,,,css
20260000660,Dietrich,Daphne,Jaden,SHS,GRADE_11,stem-11a,giallio,,,programming
20260000661,Boehm,Rodrick,James,SHS,GRADE_12,bsit-2b,giallio,,,he
20260000662,Thiel,Toni,August,SHS,GRADE_12,stem-11a,giallio,,,stem
20260000663,Kessler,Jaydon,,COLLEGE,YEAR_4,bscs-2a,roxxo,bsit,computer-studies,
20260000664,Schiller,Twila,,COLLEGE,YEAR_3,stem-11a,roxxo,bsba,business-administration,
20260000665,Marquardt,Elton,Anderson,SHS,GRADE_11,stem-12b,giallio,,,he
20260000666,Ryan,Alexys,Logan,SHS,GRADE_12,stem-12b,roxxo,,,he
20260000667,Daniel,Gretchen,River,COLLEGE,YEAR_2,bsit-2b,azul,bshm,hotel-management,
20260000668,Leuschke,Salma,Ellis,COLLEGE,YEAR_3,stem-12b,cahel,bsba,business-administration,
20260000669,Davis,Otilia,Robin,COLLEGE,YEAR_2,stem-12b,roxxo,bsba,business-administration,
20260000670,Crist,Grover,,SHS,GRADE_11,bscs-2a,vierrdy,,,programming
20260000671,Davis,Estevan,Parker,SHS,GRADE_12,bscs-2a,azul,,,css
20260000672,Hansen-Dare,Amira,River,SHS,GRADE_11,stem-12b,azul,,,programming
20260000673,Schultz,Clair,Jaden,SHS,GRADE_12,bsit-2b,azul,,,stem
20260000674,Weissnat,Stevie,,SHS,GRADE_12,stem-11a,giallio,,,css
20260000675,Hegmann,Deron,Shawn,SHS,GRADE_12,bsit-2b,vierrdy,,,animation
20260000676,Fritsch,Marisa,Nico,COLLEGE,YEAR_2,bsit-2b,cahel,bsit,computer-studies,
20260000677,Collins,Makenzie,Robin,SHS,GRADE_12,stem-11a,giallio,,,abm
20260000678,Heathcote,Dessie,Sasha,COLLEGE,YEAR_4,bsit-2b,cahel,bshm,hotel-management,
20260000679,Mosciski,Octavia,,COLLEGE,YEAR_4,bsit-2b,vierrdy,bsit,computer-studies,
20260000680,Hauck,Dorian,Rowan,COLLEGE,YEAR_2,stem-11a,cahel,bscs,computer-studies,
20260000681,Ankunding,Freida,,SHS,GRADE_11,stem-11a,giallio,,,stem
20260000682,Ward,Celia,Riley,SHS,GRADE_12,stem-12b,cahel,,,assh
20260000683,Kuphal,Furman,,SHS,GRADE_11,bsit-2b,azul,,,programming
20260000684,Flatley,Reyna,,COLLEGE,YEAR_1,bsit-2b,giallio,bshm,hotel-management,
20260000685,Hills,Rodrick,August,COLLEGE,YEAR_2,stem-12b,azul,bsit,computer-studies,
20260000686,Ruecker,Adalberto,Addison,SHS,GRADE_12,stem-11a,giallio,,,assh
20260000687,Spinka,Lexi,Phoenix,COLLEGE,YEAR_2,bscs-2a,cahel,bsit,computer-studies,
20260000688,Lind,Jalyn,Kyle,SHS,GRADE_11,stem-11a,cahel,,,he
20260000689,Schultz,Iva,Skyler,COLLEGE,YEAR_1,bsit-2b,cahel,bscs,computer-studies,
20260000690,Reichel,Sigurd,Kai,SHS,GRADE_11,bscs-2a,azul,,,css
20260000691,Waelchi,Jasmin,Micah,COLLEGE,YEAR_3,bscs-2a,vierrdy,bshm,hotel-management,
20260000692,Kreiger,Tyra,James,SHS,GRADE_12,bscs-2a,giallio,,,css
20260000693,Terry,Demetris,Emerson,COLLEGE,YEAR_4,bsit-2b,roxxo,bshm,hotel-management,
20260000694,Ziemann,Don,Jules,SHS,GRADE_12,stem-11a,azul,,,css
20260000695,Schuster,America,Logan,SHS,GRADE_12,bscs-2a,cahel,,,programming
20260000696,Kuhlman,Anissa,Gray,COLLEGE,YEAR_3,stem-11a,roxxo,bshm,hotel-management,
20260000697,Zboncak,Hayden,Charlie,SHS,GRADE_11,stem-11a,vierrdy,,,assh
20260000698,Considine,Danyka,,SHS,GRADE_11,bsit-2b,vierrdy,,,abm
20260000699,Maggio,Constance,Ellis,SHS,GRADE_12,bscs-2a,vierrdy,,,he
20260000700,Williamson,Holden,,SHS,GRADE_11,stem-11a,azul,,,animation
20260000701,Reynolds,Derek,,COLLEGE,YEAR_2,bscs-2a,cahel,bscs,computer-studies,
20260000702,Lang,Janis,August,COLLEGE,YEAR_2,bscs-2a,cahel,bshm,hotel-management,
20260000703,Von,Wayne,,SHS,GRADE_11,bsit-2b,azul,,,programming
20260000704,Kemmer,Laila,,COLLEGE,YEAR_3,bsit-2b,cahel,bsba,business-administration,
20260000705,Zemlak,Keith,,COLLEGE,YEAR_4,bscs-2a,azul,bsba,business-administration,
20260000706,Upton,Lavern,,COLLEGE,YEAR_4,stem-11a,cahel,bsit,computer-studies,
20260000707,Durgan,Brigitte,Kennedy,SHS,GRADE_12,bscs-2a,azul,,,he
20260000708,Schiller,Hugh,,COLLEGE,YEAR_2,bsit-2b,vierrdy,bshm,hotel-management,
20260000709,Keebler,Don,,COLLEGE,YEAR_4,bsit-2b,roxxo,bshm,hotel-management,
20260000710,Ankunding,Katlynn,,COLLEGE,YEAR_4,stem-11a,giallio,bsba,business-administration,
20260000711,Zboncak,Jean,James,SHS,GRADE_11,stem-11a,cahel,,,stem
20260000712,Schaefer,Judah,Addison,COLLEGE,YEAR_1,bsit-2b,roxxo,bshm,hotel-management,
20260000713,Howell,Amari,Shiloh,SHS,GRADE_11,stem-12b,vierrdy,,,he
20260000714,Pacocha-Lindgren,Bradly,,COLLEGE,YEAR_1,stem-11a,giallio,bscs,computer-studies,
20260000715,Hintz,Calista,Anderson,COLLEGE,YEAR_2,bsit-2b,vierrdy,bshm,hotel-management,
20260000716,Yost,Vincent,,COLLEGE,YEAR_4,bscs-2a,giallio,bscs,computer-studies,
20260000717,Muller,Gia,,SHS,GRADE_12,stem-11a,cahel,,,stem
20260000718,Bernier,Dusty,Noah,COLLEGE,YEAR_4,bsit-2b,roxxo,bsba,business-administration,
20260000719,Leannon,Kirk,Austin,SHS,GRADE_12,bsit-2b,roxxo,,,programming
20260000720,Keeling,Conrad,Riley,SHS,GRADE_11,stem-11a,azul,,,css
20260000721,Turner,Rosalyn,,SHS,GRADE_12,bsit-2b,cahel,,,he
20260000722,Lang,Lonnie,,COLLEGE,YEAR_4,bscs-2a,giallio,bshm,hotel-management,
20260000723,Schaden,Michale,Harper,COLLEGE,YEAR_3,stem-12b,roxxo,bscs,computer-studies,
20260000724,Ernser,Kory,Marlowe,COLLEGE,YEAR_3,bscs-2a,roxxo,bsba,business-administration,
20260000725,Hane,Joany,Billie,COLLEGE,YEAR_2,stem-12b,giallio,bsba,business-administration,
20260000726,Rempel,Aniya,,SHS,GRADE_12,stem-11a,vierrdy,,,he
20260000727,Predovic-Pagac,Selena,Drew,COLLEGE,YEAR_1,bscs-2a,azul,bshm,hotel-management,
20260000728,Watsica,Lynn,,COLLEGE,YEAR_4,bscs-2a,vierrdy,bshm,hotel-management,
20260000729,Cassin,Oscar,Hayden,SHS,GRADE_12,bsit-2b,azul,,,he
20260000730,Botsford,Lula,Alex,SHS,GRADE_11,bscs-2a,cahel,,,css
20260000731,Kris,Ken,,COLLEGE,YEAR_2,stem-12b,cahel,bscs,computer-studies,
20260000732,Steuber,Simone,Cameron,COLLEGE,YEAR_3,bscs-2a,azul,bsba,business-administration,
20260000733,Beier,Gregoria,Bowie,SHS,GRADE_12,bscs-2a,roxxo,,,he
20260000734,Hauck,Mara,Bowie,COLLEGE,YEAR_2,bscs-2a,azul,bshm,hotel-management,
20260000735,Hegmann,Hayley,Finley,COLLEGE,YEAR_1,stem-12b,azul,bsba,business-administration,
20260000736,Maggio,Carole,London,COLLEGE,YEAR_1,bscs-2a,cahel,bsit,computer-studies,
20260000737,Cummerata,Yasmeen,August,COLLEGE,YEAR_3,bscs-2a,roxxo,bscs,computer-studies,
20260000738,Rohan,Cassandre,Parker,SHS,GRADE_12,bscs-2a,roxxo,,,programming
20260000739,Jacobson,Glenda,Ryan,COLLEGE,YEAR_4,bsit-2b,cahel,bsba,business-administration,
20260000740,Lemke,Lisette,,SHS,GRADE_12,stem-12b,giallio,,,stem
20260000741,Swaniawski,Hadley,Skyler,SHS,GRADE_11,bsit-2b,vierrdy,,,he
20260000742,Johns,Donato,Reign,COLLEGE,YEAR_1,stem-11a,vierrdy,bshm,hotel-management,
20260000743,Jenkins,Michale,Taylor,COLLEGE,YEAR_3,stem-12b,vierrdy,bshm,hotel-management,
20260000744,Koch,Brandy,,SHS,GRADE_12,bsit-2b,cahel,,,assh
20260000745,Simonis,Alf,Bailey,SHS,GRADE_11,stem-11a,cahel,,,he
20260000746,Klein,Jadyn,Corey,SHS,GRADE_11,stem-12b,giallio,,,abm
20260000747,Kshlerin,Kaleb,,SHS,GRADE_12,bscs-2a,roxxo,,,assh
20260000748,Russel,Dale,,SHS,GRADE_12,stem-12b,roxxo,,,css
20260000749,Doyle,Ralph,Reign,SHS,GRADE_12,stem-12b,roxxo,,,he
20260000750,Green,Aileen,,COLLEGE,YEAR_2,bscs-2a,vierrdy,bshm,hotel-management,
20260000751,Considine,Orland,Robin,COLLEGE,YEAR_4,stem-11a,cahel,bsit,computer-studies,
20260000752,Gutkowski,Barrett,,SHS,GRADE_11,bsit-2b,vierrdy,,,stem
20260000753,Johnson-Breitenberg,Jayme,Alex,SHS,GRADE_12,bsit-2b,vierrdy,,,css
20260000754,Balistreri,Amya,,SHS,GRADE_11,stem-11a,giallio,,,abm
20260000755,Miller,Shyann,,COLLEGE,YEAR_3,bsit-2b,roxxo,bshm,hotel-management,
20260000756,Dare,Otto,Parker,SHS,GRADE_11,stem-12b,vierrdy,,,he
20260000757,Armstrong,Carson,,COLLEGE,YEAR_4,stem-12b,roxxo,bsba,business-administration,
20260000758,Okuneva,Luther,Finley,SHS,GRADE_12,bsit-2b,roxxo,,,stem
20260000759,Bartell,Skyla,Reese,COLLEGE,YEAR_1,stem-11a,azul,bshm,hotel-management,
20260000760,King,Alexzander,,COLLEGE,YEAR_1,bscs-2a,vierrdy,bsba,business-administration,
20260000761,Roberts,Reymundo,,SHS,GRADE_11,bscs-2a,azul,,,assh
20260000762,Lowe,Olen,Kyle,SHS,GRADE_12,stem-11a,giallio,,,abm
20260000763,Pacocha,Lloyd,Jamie,SHS,GRADE_12,bsit-2b,azul,,,css
20260000764,Spinka,Austin,Quinn,SHS,GRADE_11,stem-11a,roxxo,,,assh
20260000765,Trantow,Clint,Kyle,COLLEGE,YEAR_3,bsit-2b,roxxo,bsit,computer-studies,
20260000766,Kassulke,Harley,,SHS,GRADE_11,bscs-2a,giallio,,,programming
20260000767,Boyer,Lucy,Jordan,COLLEGE,YEAR_4,stem-11a,vierrdy,bscs,computer-studies,
20260000768,Tillman,Virginie,Marlowe,COLLEGE,YEAR_4,stem-11a,cahel,bsba,business-administration,
20260000769,Feeney,Hilda,Reign,COLLEGE,YEAR_2,bsit-2b,giallio,bsba,business-administration,
20260000770,Kohler,Tianna,Noah,COLLEGE,YEAR_1,bscs-2a,roxxo,bsba,business-administration,
20260000771,Ernser,Maxwell,Arden,SHS,GRADE_12,stem-12b,roxxo,,,assh
20260000772,Torphy,Jakob,Micah,SHS,GRADE_11,bsit-2b,cahel,,,he
20260000773,Hermiston,Mossie,Bowie,SHS,GRADE_11,bsit-2b,cahel,,,he
20260000774,Zemlak-Dicki,Skyla,Parker,COLLEGE,YEAR_2,bsit-2b,roxxo,bsit,computer-studies,
20260000775,Blick,Collin,Drew,COLLEGE,YEAR_2,stem-11a,giallio,bshm,hotel-management,
20260000776,Gleason,Angeline,Dakota,SHS,GRADE_12,bsit-2b,giallio,,,abm
20260000777,Hills,Sebastian,Greer,SHS,GRADE_12,bsit-2b,roxxo,,,css
20260000778,Farrell,Vivianne,Gray,COLLEGE,YEAR_4,stem-12b,giallio,bsit,computer-studies,
20260000779,Dare,Ezekiel,Nico,COLLEGE,YEAR_3,stem-12b,cahel,bscs,computer-studies,
20260000780,Windler,Norene,,COLLEGE,YEAR_4,stem-11a,azul,bsit,computer-studies,
20260000781,Effertz,Luisa,Shawn,COLLEGE,YEAR_3,bsit-2b,giallio,bsba,business-administration,
20260000782,Weissnat,Jaunita,Harper,COLLEGE,YEAR_3,bscs-2a,azul,bsba,business-administration,
20260000783,Volkman,Cedrick,Shawn,SHS,GRADE_12,stem-11a,azul,,,css
20260000784,Upton,Ashlynn,Brooklyn,COLLEGE,YEAR_2,stem-11a,giallio,bshm,hotel-management,
20260000785,Harber,Terry,,SHS,GRADE_12,stem-11a,giallio,,,abm
20260000786,Zemlak,General,Skyler,SHS,GRADE_12,bsit-2b,cahel,,,assh
20260000787,Botsford,Delta,,COLLEGE,YEAR_4,stem-11a,vierrdy,bsba,business-administration,
20260000788,King,Trevor,Bailey,SHS,GRADE_11,bscs-2a,azul,,,abm
20260000789,Stehr,Reggie,Leslie,COLLEGE,YEAR_1,bsit-2b,vierrdy,bscs,computer-studies,
20260000790,Davis-Weimann,Holden,Blake,SHS,GRADE_12,stem-11a,vierrdy,,,stem
20260000791,Wunsch,Darrell,Noah,COLLEGE,YEAR_4,stem-11a,cahel,bshm,hotel-management,
20260000792,Koch,Ed,Sawyer,COLLEGE,YEAR_3,bsit-2b,giallio,bscs,computer-studies,
20260000793,Wuckert,Thomas,Avery,COLLEGE,YEAR_3,stem-11a,cahel,bscs,computer-studies,
20260000794,Considine,Helen,Skyler,SHS,GRADE_12,bscs-2a,cahel,,,assh
20260000795,Wiza,Reuben,,SHS,GRADE_11,bscs-2a,giallio,,,abm
20260000796,Armstrong-Pfannerstill,Easter,,COLLEGE,YEAR_1,stem-12b,vierrdy,bscs,computer-studies,
20260000797,Becker,Hassan,Reese,COLLEGE,YEAR_3,bsit-2b,roxxo,bsba,business-administration,
20260000798,Krajcik-Kreiger,Jordyn,James,COLLEGE,YEAR_1,bscs-2a,cahel,bsba,business-administration,
20260000799,Spencer,Genesis,Jamie,COLLEGE,YEAR_2,bscs-2a,roxxo,bsba,business-administration,
20260000800,Kreiger,Clovis,,COLLEGE,YEAR_4,stem-11a,vierrdy,bscs,computer-studies,
20260000801,Beahan,Danny,Quinn,SHS,GRADE_12,stem-11a,vierrdy,,,stem
20260000802,Jacobson,Gunnar,,SHS,GRADE_12,stem-11a,giallio,,,stem
20260000803,Yundt,Trever,Brooklyn,COLLEGE,YEAR_2,bscs-2a,azul,bsba,business-administration,
20260000804,Howe,Melvina,Skyler,COLLEGE,YEAR_1,stem-12b,cahel,bsba,business-administration,
20260000805,Fadel,Princess,,SHS,GRADE_12,stem-12b,azul,,,assh
20260000806,Wuckert,Irwin,,COLLEGE,YEAR_4,stem-12b,cahel,bsit,computer-studies,
20260000807,Murazik,Austen,,COLLEGE,YEAR_2,bsit-2b,vierrdy,bshm,hotel-management,
20260000808,Macejkovic,Zander,Robin,SHS,GRADE_12,stem-12b,giallio,,,abm
20260000809,Conn,Toney,Kyle,SHS,GRADE_11,stem-11a,giallio,,,css
20260000810,Pollich,Dan,Finley,COLLEGE,YEAR_3,bscs-2a,vierrdy,bshm,hotel-management,
20260000811,Kulas,Haven,,COLLEGE,YEAR_3,bscs-2a,cahel,bsba,business-administration,
20260000812,Toy,Rodger,North,SHS,GRADE_12,bsit-2b,vierrdy,,,css
20260000813,Crooks,Katrina,Addison,SHS,GRADE_11,bsit-2b,azul,,,abm
20260000814,Cruickshank,Rebeka,Phoenix,COLLEGE,YEAR_3,stem-11a,vierrdy,bsba,business-administration,
20260000815,Sipes,Kameron,Kennedy,COLLEGE,YEAR_4,stem-11a,vierrdy,bshm,hotel-management,
20260000816,Boehm,Sebastian,Quinn,SHS,GRADE_11,bscs-2a,roxxo,,,animation
20260000817,Nitzsche,Tia,Jordan,SHS,GRADE_11,bscs-2a,vierrdy,,,stem
20260000818,Kiehn,Kasey,River,COLLEGE,YEAR_2,bscs-2a,cahel,bscs,computer-studies,
20260000819,Hills,Federico,Taylor,SHS,GRADE_12,bsit-2b,roxxo,,,assh
20260000820,Sporer,Deontae,,SHS,GRADE_12,stem-11a,vierrdy,,,animation
20260000821,Predovic,Darwin,Bowie,COLLEGE,YEAR_3,stem-11a,vierrdy,bsba,business-administration,
20260000822,Cassin,Paul,Leslie,COLLEGE,YEAR_4,bsit-2b,vierrdy,bsba,business-administration,
20260000823,Huels,Alison,,COLLEGE,YEAR_2,stem-11a,giallio,bshm,hotel-management,
20260000824,Monahan,Lacy,,COLLEGE,YEAR_1,bscs-2a,cahel,bscs,computer-studies,
20260000825,Hoppe-Green,Camille,Greer,COLLEGE,YEAR_3,bsit-2b,giallio,bsit,computer-studies,
20260000826,King,Branson,,COLLEGE,YEAR_4,stem-12b,roxxo,bsba,business-administration,
20260000827,Bode,Citlalli,Hayden,COLLEGE,YEAR_1,stem-11a,giallio,bshm,hotel-management,
20260000828,Gulgowski,Juana,Charlie,COLLEGE,YEAR_4,bsit-2b,azul,bsba,business-administration,
20260000829,Braun,Linnie,Jamie,COLLEGE,YEAR_4,stem-12b,vierrdy,bsit,computer-studies,
20260000830,Koss,Shana,Robin,COLLEGE,YEAR_2,stem-11a,vierrdy,bsit,computer-studies,
20260000831,Hilll,Karli,Taylor,COLLEGE,YEAR_2,bscs-2a,cahel,bsba,business-administration,
20260000832,Schulist,Hubert,Jordan,COLLEGE,YEAR_4,stem-12b,vierrdy,bsba,business-administration,
20260000833,Morissette,Sheldon,Addison,SHS,GRADE_11,stem-11a,cahel,,,assh
20260000834,McLaughlin,Adolphus,,SHS,GRADE_11,stem-12b,roxxo,,,programming
20260000835,Trantow,Gudrun,Dakota,COLLEGE,YEAR_1,bsit-2b,giallio,bsba,business-administration,
20260000836,Nolan,Junius,,COLLEGE,YEAR_4,bscs-2a,giallio,bsba,business-administration,
20260000837,Mohr,Cornell,Reagan,COLLEGE,YEAR_1,stem-12b,cahel,bsba,business-administration,
20260000838,Howe,Emilia,,COLLEGE,YEAR_1,bsit-2b,cahel,bshm,hotel-management,
20260000839,Koelpin,Alexandra,Rory,SHS,GRADE_12,bsit-2b,roxxo,,,he
20260000840,Lehner,Gregorio,Jordan,SHS,GRADE_11,stem-11a,cahel,,,stem
20260000841,Howe,Maverick,Reagan,COLLEGE,YEAR_2,stem-12b,vierrdy,bsit,computer-studies,
20260000842,Ward,Lane,Charlie,COLLEGE,YEAR_3,stem-11a,roxxo,bscs,computer-studies,
20260000843,Cruickshank,Ramiro,,COLLEGE,YEAR_3,stem-11a,giallio,bscs,computer-studies,
20260000844,Jaskolski,Sincere,,SHS,GRADE_12,stem-12b,giallio,,,stem
20260000845,Schowalter,Stuart,,COLLEGE,YEAR_3,stem-12b,cahel,bshm,hotel-management,
20260000846,Hartmann,Naomie,,SHS,GRADE_11,stem-11a,roxxo,,,programming
20260000847,Halvorson,Orpha,,COLLEGE,YEAR_2,stem-12b,vierrdy,bsba,business-administration,
20260000848,Lemke,Jedidiah,,COLLEGE,YEAR_4,stem-11a,vierrdy,bscs,computer-studies,
20260000849,Rippin,Floyd,Harper,SHS,GRADE_11,bsit-2b,cahel,,,assh
20260000850,Morar,Van,Kai,SHS,GRADE_12,stem-12b,cahel,,,he
20260000851,Larson-Wisozk,Adolphus,Jaden,COLLEGE,YEAR_2,bsit-2b,giallio,bsba,business-administration,
20260000852,Balistreri,Jermey,Hayden,COLLEGE,YEAR_4,bsit-2b,giallio,bsit,computer-studies,
20260000853,Lesch,Telly,Jamie,SHS,GRADE_11,bsit-2b,vierrdy,,,he
20260000854,Dickens,Amina,,COLLEGE,YEAR_2,stem-11a,azul,bsba,business-administration,
20260000855,Larkin,Kelly,,COLLEGE,YEAR_2,bsit-2b,cahel,bshm,hotel-management,
20260000856,Schoen,Laurence,Jamie,COLLEGE,YEAR_1,stem-11a,azul,bsba,business-administration,
20260000857,Dare,Francesco,,SHS,GRADE_11,bsit-2b,azul,,,assh
20260000858,Torphy,Antonietta,,SHS,GRADE_11,stem-11a,azul,,,stem
20260000859,Bergstrom,Verner,Hayden,SHS,GRADE_12,bsit-2b,vierrdy,,,animation
20260000860,Langosh,Chadrick,,COLLEGE,YEAR_4,bsit-2b,vierrdy,bsba,business-administration,
20260000861,Flatley,Keenan,Rory,COLLEGE,YEAR_4,bsit-2b,vierrdy,bsba,business-administration,
20260000862,VonRueden,Manuela,Gray,COLLEGE,YEAR_3,stem-11a,vierrdy,bscs,computer-studies,
20260000863,Bayer,Antonia,,COLLEGE,YEAR_2,stem-11a,azul,bsba,business-administration,
20260000864,Langosh,Jadon,Bowie,SHS,GRADE_12,bscs-2a,roxxo,,,stem
20260000865,Smitham,Hans,,SHS,GRADE_11,bscs-2a,roxxo,,,animation
20260000866,Grady,Felicita,,SHS,GRADE_12,bsit-2b,roxxo,,,animation
20260000867,Pacocha,Travon,,SHS,GRADE_12,stem-12b,roxxo,,,he
20260000868,Greenfelder,Presley,Riley,SHS,GRADE_11,stem-12b,vierrdy,,,assh
20260000869,Greenfelder,Delbert,Taylor,SHS,GRADE_11,stem-12b,azul,,,css
20260000870,Franecki,Era,Angel,COLLEGE,YEAR_3,stem-12b,roxxo,bscs,computer-studies,
20260000871,Rolfson,Eleanora,,SHS,GRADE_12,bsit-2b,giallio,,,assh
20260000872,Runte,Mohamed,Noah,COLLEGE,YEAR_2,bsit-2b,giallio,bshm,hotel-management,
20260000873,Ullrich,Mallie,Angel,SHS,GRADE_11,bscs-2a,azul,,,programming
20260000874,King,Cooper,,SHS,GRADE_11,stem-11a,cahel,,,stem
20260000875,Mante,Berniece,Bowie,COLLEGE,YEAR_3,stem-11a,azul,bscs,computer-studies,
20260000876,Walter,Patricia,Angel,COLLEGE,YEAR_3,stem-11a,roxxo,bsba,business-administration,
20260000877,Breitenberg-Christiansen,Mackenzie,Anderson,SHS,GRADE_12,stem-11a,azul,,,animation
20260000878,Lemke,Ally,Bowie,COLLEGE,YEAR_2,bsit-2b,cahel,bsba,business-administration,
20260000879,Sanford,Aaliyah,,COLLEGE,YEAR_2,stem-12b,roxxo,bsit,computer-studies,
20260000880,Barton,Ally,Parker,COLLEGE,YEAR_3,bscs-2a,vierrdy,bsba,business-administration,
20260000881,Grant-Sporer,Myrl,,COLLEGE,YEAR_4,bscs-2a,vierrdy,bshm,hotel-management,
20260000882,Oberbrunner,Ona,Parker,COLLEGE,YEAR_3,bsit-2b,cahel,bscs,computer-studies,
20260000883,Satterfield,Jennie,,SHS,GRADE_12,stem-12b,azul,,,animation
20260000884,Legros,Freeda,Leslie,SHS,GRADE_12,stem-11a,azul,,,stem
20260000885,Reichel,Ima,,COLLEGE,YEAR_4,stem-11a,azul,bsit,computer-studies,
20260000886,Tremblay,Mafalda,Elliott,SHS,GRADE_12,bsit-2b,cahel,,,he
20260000887,Raynor,Ashton,Sage,COLLEGE,YEAR_1,bscs-2a,cahel,bsba,business-administration,
20260000888,Bogisich,Jerald,Micah,COLLEGE,YEAR_2,bsit-2b,roxxo,bscs,computer-studies,
20260000889,Lakin,Hiram,Sasha,COLLEGE,YEAR_1,stem-12b,vierrdy,bshm,hotel-management,
20260000890,DuBuque,Susana,Alex,SHS,GRADE_12,stem-12b,vierrdy,,,assh
20260000891,Pacocha,Luella,,SHS,GRADE_12,stem-11a,azul,,,stem
20260000892,Padberg,Emilio,Skyler,SHS,GRADE_12,stem-12b,azul,,,css
20260000893,Kiehn,Lilla,Ryan,COLLEGE,YEAR_3,bsit-2b,cahel,bscs,computer-studies,
20260000894,Russel,Ethelyn,Charlie,SHS,GRADE_12,stem-11a,roxxo,,,stem
20260000895,Dibbert,Dante,,COLLEGE,YEAR_3,bsit-2b,roxxo,bsit,computer-studies,
20260000896,Lindgren,Janelle,Leslie,COLLEGE,YEAR_1,stem-12b,giallio,bscs,computer-studies,
20260000897,Goldner,Maxie,,SHS,GRADE_11,bsit-2b,cahel,,,assh
20260000898,Beatty-Ferry,Gianni,,COLLEGE,YEAR_3,bscs-2a,roxxo,bscs,computer-studies,
20260000899,Hoppe,Rickey,Sasha,COLLEGE,YEAR_3,bscs-2a,azul,bshm,hotel-management,
20260000900,Shields,Jettie,Logan,COLLEGE,YEAR_4,stem-11a,cahel,bsit,computer-studies,
20260000901,Sipes,Adele,,COLLEGE,YEAR_4,stem-12b,roxxo,bscs,computer-studies,
20260000902,Wisozk,Jamaal,Sawyer,SHS,GRADE_11,stem-11a,vierrdy,,,assh
20260000903,Runolfsson,Erwin,Reign,SHS,GRADE_11,stem-12b,giallio,,,css
20260000904,Hoeger,Pink,Greer,SHS,GRADE_11,bsit-2b,giallio,,,he
20260000905,Funk,Madalyn,,COLLEGE,YEAR_2,stem-11a,roxxo,bscs,computer-studies,
20260000906,Friesen,Lamar,Anderson,COLLEGE,YEAR_4,stem-11a,roxxo,bscs,computer-studies,
20260000907,Effertz,Devonte,Kennedy,SHS,GRADE_12,stem-12b,cahel,,,animation
20260000908,Gutkowski,Leon,,COLLEGE,YEAR_4,bsit-2b,vierrdy,bsit,computer-studies,
20260000909,Abbott,Edwina,Phoenix,COLLEGE,YEAR_3,stem-12b,azul,bsit,computer-studies,
20260000910,Nader,Akeem,Corey,COLLEGE,YEAR_1,stem-12b,roxxo,bsit,computer-studies,
20260000911,Macejkovic,Ryleigh,Addison,COLLEGE,YEAR_3,bsit-2b,giallio,bshm,hotel-management,
20260000912,Swaniawski,Jaylen,Logan,COLLEGE,YEAR_4,bsit-2b,cahel,bsba,business-administration,
20260000913,Pfannerstill,Kip,Parker,SHS,GRADE_12,stem-12b,vierrdy,,,he
20260000914,King,Hal,Finley,COLLEGE,YEAR_3,stem-11a,cahel,bscs,computer-studies,
20260000915,Lubowitz,Vita,Taylor,SHS,GRADE_11,bscs-2a,roxxo,,,css
20260000916,Nolan,Joel,River,COLLEGE,YEAR_1,bscs-2a,roxxo,bshm,hotel-management,
20260000917,Weber,Kevon,James,SHS,GRADE_11,stem-12b,vierrdy,,,he
20260000918,Johnson,Rachel,Drew,SHS,GRADE_11,stem-11a,giallio,,,stem
20260000919,Reilly,Jeffry,Sasha,SHS,GRADE_12,stem-11a,giallio,,,animation
20260000920,Bogisich,Kacie,Reagan,COLLEGE,YEAR_4,stem-12b,vierrdy,bsba,business-administration,
20260000921,Roob,Emiliano,Kai,COLLEGE,YEAR_4,bscs-2a,vierrdy,bscs,computer-studies,
20260000922,Krajcik,Lisandro,,COLLEGE,YEAR_1,bsit-2b,cahel,bsit,computer-studies,
20260000923,Gutmann,Darrell,Parker,COLLEGE,YEAR_1,stem-12b,cahel,bsba,business-administration,
20260000924,Kihn,Edgar,,SHS,GRADE_12,stem-11a,azul,,,he
20260000925,Hettinger,Arianna,,SHS,GRADE_12,stem-11a,azul,,,css
20260000926,Haag-Gottlieb,Tanya,Marlowe,COLLEGE,YEAR_1,bsit-2b,azul,bshm,hotel-management,
20260000927,Rau,Nadia,Elliott,COLLEGE,YEAR_3,bscs-2a,cahel,bscs,computer-studies,
20260000928,Haag,Jeffrey,Greer,SHS,GRADE_12,bscs-2a,vierrdy,,,css
20260000929,Crist,Lila,Robin,COLLEGE,YEAR_3,bscs-2a,giallio,bscs,computer-studies,
20260000930,Abshire,Jazmyn,Greer,COLLEGE,YEAR_2,stem-12b,azul,bscs,computer-studies,
20260000931,Klocko,Zena,Sasha,COLLEGE,YEAR_1,bscs-2a,vierrdy,bscs,computer-studies,
20260000932,Heaney,Kamren,,SHS,GRADE_12,stem-12b,giallio,,,abm
20260000933,Wolf,Katharina,Anderson,COLLEGE,YEAR_1,bsit-2b,vierrdy,bsit,computer-studies,
20260000934,Keeling,Alanna,,COLLEGE,YEAR_1,stem-12b,giallio,bsba,business-administration,
20260000935,Walker,Durward,Taylor,SHS,GRADE_12,bscs-2a,giallio,,,stem
20260000936,Halvorson,Kathleen,Billie,SHS,GRADE_12,stem-11a,vierrdy,,,animation
20260000937,Von,Angus,Harper,COLLEGE,YEAR_2,stem-12b,azul,bscs,computer-studies,
20260000938,Schumm,Soledad,Noah,COLLEGE,YEAR_2,stem-12b,giallio,bscs,computer-studies,
20260000939,Schaefer,Chad,Riley,SHS,GRADE_11,bscs-2a,azul,,,css
20260000940,Mraz,Louisa,Harper,COLLEGE,YEAR_4,bsit-2b,giallio,bshm,hotel-management,
20260000941,Bosco,Earl,,SHS,GRADE_12,bscs-2a,cahel,,,assh
20260000942,Jakubowski,Abigail,Hayden,SHS,GRADE_11,bscs-2a,roxxo,,,assh
20260000943,Kemmer,Ezra,Billie,COLLEGE,YEAR_4,bscs-2a,azul,bshm,hotel-management,
20260000944,Bailey,Susie,Angel,SHS,GRADE_12,stem-12b,giallio,,,stem
20260000945,Reilly,Brandon,August,COLLEGE,YEAR_2,bscs-2a,giallio,bsba,business-administration,
20260000946,Shields,Nettie,Bowie,COLLEGE,YEAR_2,bscs-2a,vierrdy,bsit,computer-studies,
20260000947,Veum,Amani,Angel,SHS,GRADE_11,bsit-2b,giallio,,,he
20260000948,Walter,Saul,Ryan,COLLEGE,YEAR_4,bsit-2b,vierrdy,bsit,computer-studies,
20260000949,Lind,Daisy,,SHS,GRADE_12,stem-12b,azul,,,css
20260000950,Skiles,Israel,,SHS,GRADE_12,stem-11a,giallio,,,he
20260000951,Swaniawski,Andreane,August,SHS,GRADE_12,stem-12b,vierrdy,,,assh
20260000952,Waters,Pierre,Cameron,COLLEGE,YEAR_3,stem-12b,roxxo,bsba,business-administration,
20260000953,Conn,Ariel,Rowan,COLLEGE,YEAR_4,bscs-2a,vierrdy,bsba,business-administration,
20260000954,Treutel,Jocelyn,Avery,SHS,GRADE_11,bscs-2a,cahel,,,abm
20260000955,Smitham,Davion,Dakota,COLLEGE,YEAR_4,stem-12b,vierrdy,bscs,computer-studies,
20260000956,Turner-Balistreri,Audrey,Robin,SHS,GRADE_12,stem-12b,vierrdy,,,animation
20260000957,Rowe,Raleigh,,COLLEGE,YEAR_4,bsit-2b,vierrdy,bsba,business-administration,
20260000958,Towne,Deborah,Micah,SHS,GRADE_11,bsit-2b,roxxo,,,programming
20260000959,Kulas,Kasey,Anderson,SHS,GRADE_11,stem-12b,giallio,,,animation
20260000960,Prohaska,Myrl,Arden,SHS,GRADE_11,stem-12b,roxxo,,,animation
20260000961,Bernier,Cary,,COLLEGE,YEAR_1,bscs-2a,giallio,bsba,business-administration,
20260000962,Kub,Velva,Kyle,COLLEGE,YEAR_2,stem-11a,roxxo,bsit,computer-studies,
20260000963,Smitham,Thora,Jordan,COLLEGE,YEAR_2,bscs-2a,cahel,bscs,computer-studies,
20260000964,Brakus,Braeden,Rory,SHS,GRADE_12,stem-11a,roxxo,,,animation
20260000965,Kassulke,Annie,,SHS,GRADE_11,stem-11a,vierrdy,,,abm
20260000966,Orn,Brooklyn,,SHS,GRADE_11,stem-12b,giallio,,,he
20260000967,Gislason,Giovani,Anderson,SHS,GRADE_11,stem-11a,azul,,,abm
20260000968,Bradtke,Orval,,SHS,GRADE_12,stem-11a,vierrdy,,,assh
20260000969,Bradtke,Deion,,SHS,GRADE_11,bscs-2a,vierrdy,,,animation
20260000970,Mohr,Brennan,,COLLEGE,YEAR_2,bsit-2b,azul,bsba,business-administration,
20260000971,Harber,Laurie,,SHS,GRADE_12,stem-11a,cahel,,,abm
20260000972,Stanton,Darron,Cameron,COLLEGE,YEAR_2,bscs-2a,cahel,bshm,hotel-management,
20260000973,Heidenreich,Callie,,COLLEGE,YEAR_2,stem-12b,giallio,bscs,computer-studies,
20260000974,Hilpert,Jewell,,SHS,GRADE_11,stem-12b,roxxo,,,css
20260000975,Carroll,Alfred,Shawn,SHS,GRADE_11,stem-12b,roxxo,,,stem
20260000976,Harvey,Timmothy,Phoenix,COLLEGE,YEAR_4,stem-12b,azul,bsba,business-administration,
20260000977,Moore,Callie,Taylor,SHS,GRADE_12,bsit-2b,vierrdy,,,abm
20260000978,Sipes,Benjamin,Drew,COLLEGE,YEAR_2,stem-11a,azul,bsit,computer-studies,
20260000979,Mitchell,Seamus,,SHS,GRADE_11,bsit-2b,vierrdy,,,animation
20260000980,Borer,Mariane,Rowan,COLLEGE,YEAR_2,bscs-2a,azul,bshm,hotel-management,
20260000981,Wilderman,Owen,,SHS,GRADE_11,stem-12b,vierrdy,,,he
20260000982,VonRueden,Amaya,,SHS,GRADE_11,stem-12b,cahel,,,animation
20260000983,Nicolas,Parker,,COLLEGE,YEAR_3,bsit-2b,cahel,bsba,business-administration,
20260000984,Gulgowski,Linda,Noah,COLLEGE,YEAR_1,stem-12b,cahel,bshm,hotel-management,
20260000985,Cole,Cedrick,Greer,SHS,GRADE_11,bscs-2a,roxxo,,,he
20260000986,Rath,Phyllis,Reagan,COLLEGE,YEAR_4,bsit-2b,giallio,bsba,business-administration,
20260000987,Denesik,Dulce,,SHS,GRADE_11,stem-12b,giallio,,,programming
20260000988,Bergstrom,Grant,Quinn,COLLEGE,YEAR_2,bscs-2a,azul,bsit,computer-studies,
20260000989,Flatley,Verdie,Gray,COLLEGE,YEAR_2,bsit-2b,vierrdy,bscs,computer-studies,
20260000990,Ullrich-Morar,Addison,Micah,COLLEGE,YEAR_2,bsit-2b,cahel,bsba,business-administration,
20260000991,Wilderman,Oswaldo,,COLLEGE,YEAR_2,bscs-2a,azul,bsit,computer-studies,
20260000992,Torp,Cedrick,,SHS,GRADE_12,bsit-2b,cahel,,,animation
20260000993,Prosacco,Cheyanne,,COLLEGE,YEAR_2,stem-12b,giallio,bsba,business-administration,
20260000994,Stokes,Jamal,Drew,SHS,GRADE_12,stem-11a,roxxo,,,css
20260000995,Legros,Elijah,,SHS,GRADE_11,bsit-2b,cahel,,,assh
20260000996,Hane,Hettie,Billie,COLLEGE,YEAR_2,bscs-2a,giallio,bsba,business-administration,
20260000997,Koch,Janessa,Harper,COLLEGE,YEAR_4,bscs-2a,roxxo,bsit,computer-studies,
20260000998,Bartell,Everardo,Greer,COLLEGE,YEAR_1,bsit-2b,roxxo,bsba,business-administration,
20260000999,Hagenes,Dakota,Addison,COLLEGE,YEAR_2,stem-11a,roxxo,bscs,computer-studies,
20260001000,Langworth,Deon,London,SHS,GRADE_11,bscs-2a,cahel,,,animation
20260001001,Klein,Elyssa,Dakota,COLLEGE,YEAR_2,bsit-2b,cahel,bsba,business-administration,
20260001002,Miller,Estell,Logan,COLLEGE,YEAR_3,bsit-2b,cahel,bscs,computer-studies,
20260001003,Block,Isaac,Gray,SHS,GRADE_11,stem-12b,giallio,,,he
20260001004,Witting,Jacinthe,Jules,COLLEGE,YEAR_2,stem-11a,roxxo,bsit,computer-studies,
20260001005,Vandervort,Kaley,Parker,COLLEGE,YEAR_3,stem-11a,cahel,bscs,computer-studies,
20260001006,Franey,Mikel,Brooklyn,COLLEGE,YEAR_2,bsit-2b,vierrdy,bsit,computer-studies,
20260001007,Thompson,Gabe,Micah,COLLEGE,YEAR_3,stem-12b,vierrdy,bshm,hotel-management,
20260001008,Nienow,Ashlee,Bailey,SHS,GRADE_11,stem-12b,giallio,,,css
20260001009,Wiza,Randy,Jordan,SHS,GRADE_12,bscs-2a,giallio,,,programming
20260001010,Hartmann,Sidney,Drew,SHS,GRADE_11,bsit-2b,vierrdy,,,css
20260001011,Goyette,Monique,Rowan,SHS,GRADE_12,bscs-2a,azul,,,animation
20260001012,Glover,Deon,Brooklyn,COLLEGE,YEAR_4,stem-11a,azul,bsit,computer-studies,
20260001013,Bogan,Claude,Kendall,SHS,GRADE_11,stem-12b,cahel,,,css
20260001014,Larkin,Damian,Jaden,SHS,GRADE_12,bscs-2a,vierrdy,,,stem
20260001015,Rau,Jane,,SHS,GRADE_11,bscs-2a,cahel,,,animation
20260001016,Purdy,Jaylon,London,SHS,GRADE_12,bsit-2b,giallio,,,animation
20260001017,Leffler,Sonny,,COLLEGE,YEAR_1,stem-11a,cahel,bscs,computer-studies,
20260001018,Yost,Casimir,,COLLEGE,YEAR_3,bscs-2a,azul,bscs,computer-studies,
20260001019,Deckow,Max,,COLLEGE,YEAR_3,stem-11a,azul,bshm,hotel-management,
20260001020,Halvorson,Shaun,,SHS,GRADE_12,bscs-2a,azul,,,he
20260001021,Hyatt,Madonna,Jordan,COLLEGE,YEAR_3,stem-11a,giallio,bsba,business-administration,
20260001022,Franecki,Kelli,Harper,SHS,GRADE_12,stem-11a,giallio,,,he
20260001023,Hilll,Dakota,August,COLLEGE,YEAR_3,stem-12b,cahel,bsba,business-administration,
20260001024,Sawayn,Bethel,Sasha,COLLEGE,YEAR_4,stem-11a,giallio,bshm,hotel-management,
20260001025,Wolf,Dan,Jaden,SHS,GRADE_11,bsit-2b,giallio,,,animation
20260001026,Miller,Terrill,Emerson,SHS,GRADE_12,bscs-2a,giallio,,,programming
20260001027,Jerde,Schuyler,Skyler,COLLEGE,YEAR_1,stem-11a,roxxo,bsba,business-administration,
20260001028,Towne,Julia,Jaden,COLLEGE,YEAR_1,bscs-2a,roxxo,bscs,computer-studies,
20260001029,Hammes-Barrows,Dayana,Sawyer,COLLEGE,YEAR_4,bsit-2b,cahel,bscs,computer-studies,
20260001030,Rath,Jettie,Kyle,COLLEGE,YEAR_4,stem-11a,azul,bsit,computer-studies,
20260001031,Larkin,Krystel,,COLLEGE,YEAR_1,bscs-2a,azul,bsba,business-administration,
20260001032,Fadel,Dedrick,,COLLEGE,YEAR_1,bscs-2a,vierrdy,bscs,computer-studies,
20260001033,Koelpin,Keely,,COLLEGE,YEAR_4,stem-11a,cahel,bsit,computer-studies,
20260001034,Ondricka,Vito,Jaden,COLLEGE,YEAR_3,bscs-2a,roxxo,bshm,hotel-management,
20260001035,Feeney,Cale,,COLLEGE,YEAR_2,bsit-2b,vierrdy,bsit,computer-studies,
20260001036,Wintheiser,Kathryn,River,COLLEGE,YEAR_2,stem-12b,vierrdy,bscs,computer-studies,
20260001037,Bernier,Jedidiah,Robin,SHS,GRADE_11,stem-12b,giallio,,,he
20260001038,Rempel,Tate,Kennedy,COLLEGE,YEAR_1,bscs-2a,vierrdy,bsit,computer-studies,
20260001039,Jacobi,Carrie,,COLLEGE,YEAR_3,stem-11a,vierrdy,bshm,hotel-management,
20260001040,Roberts,Baron,,SHS,GRADE_11,bscs-2a,cahel,,,css
20260001041,Bednar,Rae,Reagan,SHS,GRADE_11,bsit-2b,azul,,,he
20260001042,Stamm,Melyna,Finley,SHS,GRADE_12,stem-11a,vierrdy,,,he
20260001043,Zulauf,Brenden,Kennedy,COLLEGE,YEAR_2,bscs-2a,azul,bsit,computer-studies,
20260001044,Douglas,Bernice,,COLLEGE,YEAR_3,bscs-2a,vierrdy,bscs,computer-studies,
20260001045,Moen,Kianna,Ryan,COLLEGE,YEAR_3,stem-12b,roxxo,bsba,business-administration,
20260001046,Donnelly,Gerard,Dakota,COLLEGE,YEAR_4,bscs-2a,roxxo,bscs,computer-studies,
20260001047,Wilderman,Amie,,SHS,GRADE_11,bsit-2b,giallio,,,assh
20260001048,Willms,Osvaldo,Phoenix,COLLEGE,YEAR_4,stem-12b,giallio,bshm,hotel-management,
20260001049,Hettinger,Nathan,Shiloh,SHS,GRADE_11,stem-11a,roxxo,,,abm
20260001050,Yundt,Keara,Jordan,COLLEGE,YEAR_1,bscs-2a,vierrdy,bscs,computer-studies,
20260001051,Deckow,Jovani,Jaden,SHS,GRADE_12,stem-11a,azul,,,css
20260001052,Ruecker,Wanda,Austin,COLLEGE,YEAR_3,stem-12b,roxxo,bsit,computer-studies,
20260001053,Gulgowski,Johnnie,Angel,SHS,GRADE_12,bsit-2b,roxxo,,,he
20260001054,Lowe,Emilio,Phoenix,COLLEGE,YEAR_3,bscs-2a,azul,bsba,business-administration,
20260001055,Gusikowski,Roy,Cameron,COLLEGE,YEAR_2,stem-11a,giallio,bshm,hotel-management,
20260001056,Shanahan,Zachery,,SHS,GRADE_12,stem-11a,vierrdy,,,assh
20260001057,Ullrich,Jessyca,,COLLEGE,YEAR_1,bsit-2b,roxxo,bscs,computer-studies,
20260001058,Legros,Chauncey,Sawyer,COLLEGE,YEAR_4,stem-11a,vierrdy,bsit,computer-studies,
20260001059,Kertzmann,Augusta,Jules,COLLEGE,YEAR_2,stem-12b,giallio,bshm,hotel-management,
20260001060,Schulist,Katarina,Parker,SHS,GRADE_12,stem-12b,giallio,,,css
20260001061,Mante,Ana,,SHS,GRADE_11,stem-12b,azul,,,assh
20260001062,Towne,Clarabelle,,COLLEGE,YEAR_3,stem-11a,azul,bsba,business-administration,
20260001063,Becker,Aida,Riley,COLLEGE,YEAR_4,stem-12b,roxxo,bsba,business-administration,
20260001064,Howe,Ladarius,Anderson,COLLEGE,YEAR_3,stem-12b,vierrdy,bshm,hotel-management,
20260001065,Kerluke,Dena,,SHS,GRADE_12,bscs-2a,roxxo,,,stem
20260001066,Kertzmann,Angel,Bowie,SHS,GRADE_12,bsit-2b,vierrdy,,,css
20260001067,Larson,Sterling,Bowie,SHS,GRADE_12,stem-11a,vierrdy,,,stem
20260001068,Paucek,Merlin,Angel,COLLEGE,YEAR_4,bscs-2a,giallio,bscs,computer-studies,
20260001069,Hettinger,Enid,,SHS,GRADE_11,bscs-2a,roxxo,,,programming
20260001070,Hackett,Cecilia,,COLLEGE,YEAR_3,bscs-2a,giallio,bscs,computer-studies,
20260001071,Schuster,Irwin,Finley,SHS,GRADE_12,stem-12b,cahel,,,he
20260001072,Reichert,Novella,,SHS,GRADE_11,stem-11a,cahel,,,programming
20260001073,Monahan-Bahringer,Brody,Leslie,COLLEGE,YEAR_4,stem-12b,azul,bsit,computer-studies,
20260001074,Rosenbaum-Sporer,Korey,,COLLEGE,YEAR_1,stem-11a,vierrdy,bscs,computer-studies,
20260001075,Boyer,Vivienne,,SHS,GRADE_11,bscs-2a,vierrdy,,,abm
20260001076,Sporer,Elmira,Noah,SHS,GRADE_12,stem-11a,vierrdy,,,abm
20260001077,Ruecker,Reba,Addison,SHS,GRADE_12,bscs-2a,vierrdy,,,css
20260001078,Langworth,Vladimir,Dakota,SHS,GRADE_11,stem-11a,vierrdy,,,assh
20260001079,Christiansen,Everette,,COLLEGE,YEAR_3,stem-11a,azul,bsba,business-administration,
20260001080,Zieme,Ayana,Shiloh,COLLEGE,YEAR_1,bscs-2a,roxxo,bscs,computer-studies,
20260001081,Schumm,Domenick,Avery,COLLEGE,YEAR_1,stem-12b,azul,bscs,computer-studies,
20260001082,Wyman,Matt,Avery,COLLEGE,YEAR_1,bscs-2a,giallio,bsba,business-administration,
20260001083,O'Keefe,Raquel,,COLLEGE,YEAR_4,stem-11a,vierrdy,bsba,business-administration,
20260001084,Hodkiewicz,Diana,Sasha,COLLEGE,YEAR_1,stem-11a,roxxo,bscs,computer-studies,
20260001085,Ward,Owen,Leslie,SHS,GRADE_12,stem-12b,azul,,,abm
20260001086,Davis,Mathias,Kai,COLLEGE,YEAR_4,stem-12b,giallio,bsba,business-administration,
20260001087,Schuppe,Earl,Robin,COLLEGE,YEAR_4,bsit-2b,giallio,bsba,business-administration,
20260001088,Roob,Shea,London,SHS,GRADE_12,stem-11a,roxxo,,,css
20260001089,Keeling,Piper,,COLLEGE,YEAR_3,bscs-2a,giallio,bshm,hotel-management,
20260001090,Yundt,Kiera,Blake,SHS,GRADE_11,bscs-2a,giallio,,,animation
20260001091,Torp,Angelo,,SHS,GRADE_11,bsit-2b,cahel,,,css
20260001092,Roberts,Franz,Alex,COLLEGE,YEAR_2,stem-12b,giallio,bsit,computer-studies,
20260001093,Greenholt,Brandy,Noah,COLLEGE,YEAR_4,bsit-2b,vierrdy,bscs,computer-studies,
20260001094,Flatley,Dominic,,COLLEGE,YEAR_4,bscs-2a,roxxo,bsit,computer-studies,
20260001095,Stoltenberg,Jovanny,,COLLEGE,YEAR_3,bsit-2b,vierrdy,bsba,business-administration,
20260001096,MacGyver,Joanny,,SHS,GRADE_12,bscs-2a,cahel,,,css
20260001097,MacGyver-Lesch,Lawson,Greer,COLLEGE,YEAR_4,bsit-2b,azul,bsba,business-administration,
20260001098,Huels-Denesik,Dustin,Reign,COLLEGE,YEAR_1,stem-11a,azul,bscs,computer-studies,
20260001099,Blanda,Misty,Reign,COLLEGE,YEAR_4,stem-12b,cahel,bshm,hotel-management,
20260001100,Larson,Heloise,Hayden,COLLEGE,YEAR_3,stem-11a,azul,bshm,hotel-management,
20260001101,Hoeger,Thad,Riley,SHS,GRADE_11,stem-12b,vierrdy,,,abm
20260001102,Thompson,Laura,,COLLEGE,YEAR_3,bsit-2b,vierrdy,bshm,hotel-management,
20260001103,Larson,Brycen,Phoenix,COLLEGE,YEAR_1,bsit-2b,vierrdy,bshm,hotel-management,
20260001104,Quigley,Lucas,,COLLEGE,YEAR_4,bscs-2a,giallio,bscs,computer-studies,
20260001105,Stiedemann,Novella,Ryan,SHS,GRADE_12,stem-11a,roxxo,,,he
20260001106,Walker,Mayra,Skyler,COLLEGE,YEAR_1,bsit-2b,vierrdy,bscs,computer-studies,
20260001107,Waelchi,Conner,Elliott,COLLEGE,YEAR_2,bsit-2b,vierrdy,bscs,computer-studies,
20260001108,Predovic,Norris,,SHS,GRADE_12,bscs-2a,azul,,,animation
20260001109,Goyette,Jennings,Nico,SHS,GRADE_11,stem-11a,azul,,,assh
20260001110,Kertzmann,Angelina,North,COLLEGE,YEAR_3,bsit-2b,giallio,bsit,computer-studies,
20260001111,Altenwerth,Dessie,,SHS,GRADE_12,stem-12b,vierrdy,,,assh
20260001112,Lehner,Salvador,,SHS,GRADE_11,bscs-2a,azul,,,abm
20260001113,Keeling,Kale,,COLLEGE,YEAR_4,stem-12b,vierrdy,bscs,computer-studies,
20260001114,Morissette,Keara,Noah,SHS,GRADE_12,bsit-2b,roxxo,,,abm
20260001115,Hahn,Braeden,Finley,SHS,GRADE_12,bscs-2a,azul,,,animation
20260001116,Osinski,Bartholome,Logan,SHS,GRADE_12,stem-11a,vierrdy,,,abm
20260001117,Lesch,Nya,Anderson,COLLEGE,YEAR_1,bscs-2a,azul,bshm,hotel-management,
20260001118,Mann,Buddy,Riley,SHS,GRADE_12,stem-11a,roxxo,,,he
20260001119,Langosh,Irma,,COLLEGE,YEAR_3,bscs-2a,roxxo,bshm,hotel-management,
20260001120,Johns,Hanna,,COLLEGE,YEAR_1,stem-12b,vierrdy,bsba,business-administration,
20260001121,Mante,Eva,Reign,SHS,GRADE_11,bsit-2b,azul,,,animation
20260001122,Ward,Jerrell,Hayden,SHS,GRADE_12,stem-11a,roxxo,,,he
20260001123,Mosciski,Danny,,COLLEGE,YEAR_1,bsit-2b,giallio,bsba,business-administration,
20260001124,Cummerata,Clare,,SHS,GRADE_11,stem-12b,giallio,,,assh
20260001125,Harvey,Chesley,,COLLEGE,YEAR_2,stem-12b,roxxo,bsit,computer-studies,
20260001126,Feest,Matilde,Shawn,SHS,GRADE_12,bsit-2b,giallio,,,css
20260001127,Adams,Camille,,COLLEGE,YEAR_1,stem-11a,roxxo,bshm,hotel-management,
20260001128,Hyatt,Sandra,August,COLLEGE,YEAR_1,stem-11a,giallio,bshm,hotel-management,
20260001129,Wuckert,Rolando,James,COLLEGE,YEAR_2,bscs-2a,roxxo,bshm,hotel-management,
20260001130,Jacobson,Simone,Sasha,SHS,GRADE_11,stem-11a,roxxo,,,animation
20260001131,Paucek,Alessandro,Kennedy,SHS,GRADE_12,bscs-2a,roxxo,,,abm
20260001132,Pacocha,Nickolas,,COLLEGE,YEAR_1,stem-12b,azul,bshm,hotel-management,
20260001133,Prohaska,Sofia,Kai,COLLEGE,YEAR_4,stem-11a,azul,bscs,computer-studies,
20260001134,O'Connell-Kiehn,Electa,,SHS,GRADE_12,bsit-2b,cahel,,,animation
20260001135,Bode,Ardella,,SHS,GRADE_11,stem-11a,vierrdy,,,he
20260001136,Hoppe,Hellen,Jules,SHS,GRADE_11,bsit-2b,azul,,,he
20260001137,Parisian,Christelle,London,SHS,GRADE_11,stem-11a,azul,,,animation
20260001138,Kozey,Quincy,Sawyer,COLLEGE,YEAR_4,stem-12b,cahel,bsba,business-administration,
20260001139,Auer,Vicente,,SHS,GRADE_12,stem-11a,azul,,,css
20260001140,Schaden-Fisher,Caleigh,Addison,COLLEGE,YEAR_1,bscs-2a,roxxo,bsit,computer-studies,
20260001141,Muller,Breanne,Addison,COLLEGE,YEAR_4,bsit-2b,vierrdy,bshm,hotel-management,
20260001142,Weber,Angelica,Blake,COLLEGE,YEAR_3,bsit-2b,vierrdy,bscs,computer-studies,
20260001143,Moen,Albertha,Shawn,SHS,GRADE_12,bsit-2b,vierrdy,,,stem
20260001144,Gutmann,Dion,Billie,COLLEGE,YEAR_3,bsit-2b,giallio,bsit,computer-studies,
20260001145,Franecki,Mavis,River,SHS,GRADE_11,stem-11a,azul,,,abm
20260001146,Reichel,Cesar,Hayden,SHS,GRADE_11,stem-12b,vierrdy,,,programming
20260001147,Steuber,Rocky,Taylor,SHS,GRADE_12,stem-11a,giallio,,,stem
20260001148,Shields,Asia,Drew,SHS,GRADE_11,stem-11a,cahel,,,css
20260001149,Gottlieb,Luther,Cameron,COLLEGE,YEAR_3,bscs-2a,giallio,bscs,computer-studies,
20260001150,Wisoky,Maymie,Reese,COLLEGE,YEAR_1,stem-12b,roxxo,bshm,hotel-management,
20260001151,Wisozk,Elisha,Corey,COLLEGE,YEAR_4,bsit-2b,roxxo,bscs,computer-studies,
20260001152,Skiles,Mellie,,SHS,GRADE_11,bsit-2b,giallio,,,programming
20260001153,Dickinson,Sophia,Dakota,SHS,GRADE_11,stem-12b,vierrdy,,,abm
20260001154,Smitham,Wade,Avery,COLLEGE,YEAR_4,bscs-2a,cahel,bshm,hotel-management,
20260001155,O'Kon,Tyreek,,SHS,GRADE_12,stem-12b,cahel,,,animation
20260001156,Muller,Curtis,James,COLLEGE,YEAR_4,bsit-2b,roxxo,bscs,computer-studies,
20260001157,Stracke,Walton,Sasha,COLLEGE,YEAR_2,bsit-2b,azul,bsba,business-administration,
20260001158,Schinner,Furman,Ellis,COLLEGE,YEAR_3,stem-11a,azul,bshm,hotel-management,
20260001159,Watsica,Edgar,,SHS,GRADE_12,stem-11a,azul,,,he
20260001160,Reichert,Lenore,Jordan,COLLEGE,YEAR_3,bsit-2b,giallio,bsba,business-administration,
20260001161,Parisian,Danyka,,COLLEGE,YEAR_1,stem-11a,giallio,bshm,hotel-management,
20260001162,Gorczany-Kiehn,Werner,Billie,SHS,GRADE_12,bsit-2b,giallio,,,assh
20260001163,Flatley,Alfonso,Riley,SHS,GRADE_12,stem-11a,cahel,,,assh
20260001164,Sauer,Lavern,Drew,COLLEGE,YEAR_3,stem-11a,azul,bshm,hotel-management,
20260001165,O'Connell,Levi,,COLLEGE,YEAR_4,bsit-2b,azul,bsba,business-administration,
20260001166,Beatty,Lucy,,COLLEGE,YEAR_4,bsit-2b,cahel,bshm,hotel-management,
20260001167,Lind,Ernesto,Parker,COLLEGE,YEAR_2,stem-12b,giallio,bscs,computer-studies,
20260001168,McLaughlin,Travis,Austin,SHS,GRADE_11,bscs-2a,roxxo,,,animation
20260001169,Ortiz,Piper,Marlowe,SHS,GRADE_11,bsit-2b,roxxo,,,stem
20260001170,Block,Rosemary,James,SHS,GRADE_11,bscs-2a,azul,,,programming
20260001171,MacGyver,Florencio,,SHS,GRADE_12,stem-12b,vierrdy,,,animation
20260001172,Davis,Amelie,,COLLEGE,YEAR_1,bscs-2a,roxxo,bscs,computer-studies,
20260001173,Abshire,Ashtyn,Dakota,COLLEGE,YEAR_2,bscs-2a,vierrdy,bscs,computer-studies,
20260001174,Rogahn,Ayana,Jordan,COLLEGE,YEAR_3,bscs-2a,azul,bsba,business-administration,
20260001175,White,Kacie,Sage,COLLEGE,YEAR_3,stem-12b,azul,bsit,computer-studies,
20260001176,Lynch,Leif,Kennedy,COLLEGE,YEAR_1,stem-12b,giallio,bshm,hotel-management,
20260001177,Runolfsdottir,Deron,Micah,COLLEGE,YEAR_2,stem-12b,roxxo,bsit,computer-studies,
20260001178,Waters,Michale,Blake,SHS,GRADE_11,stem-12b,vierrdy,,,he
20260001179,Kunde,Rhea,Jordan,SHS,GRADE_12,bscs-2a,vierrdy,,,css
20260001180,Zboncak,Bernie,Reese,COLLEGE,YEAR_4,bsit-2b,cahel,bsit,computer-studies,
20260001181,Streich,Tony,,COLLEGE,YEAR_3,bscs-2a,cahel,bsba,business-administration,
20260001182,Mills,Bradford,Brooklyn,COLLEGE,YEAR_1,bsit-2b,azul,bshm,hotel-management,
20260001183,Hilll,Davon,Emerson,COLLEGE,YEAR_4,stem-11a,roxxo,bsba,business-administration,
20260001184,Crist,Dolly,Quinn,SHS,GRADE_11,bsit-2b,vierrdy,,,he
20260001185,Swaniawski,Freddie,Sasha,COLLEGE,YEAR_1,bsit-2b,cahel,bshm,hotel-management,
20260001186,McClure,Vito,,COLLEGE,YEAR_3,stem-11a,giallio,bsba,business-administration,
20260001187,Friesen,Moriah,Reese,SHS,GRADE_12,stem-12b,giallio,,,css
20260001188,Padberg,Hector,Bowie,SHS,GRADE_12,bsit-2b,vierrdy,,,abm
20260001189,Schultz,Jensen,Sasha,COLLEGE,YEAR_2,bsit-2b,azul,bsit,computer-studies,
20260001190,Leuschke,Lela,,COLLEGE,YEAR_2,bsit-2b,roxxo,bsba,business-administration,
20260001191,Hoppe,Eric,Shawn,COLLEGE,YEAR_2,bsit-2b,azul,bsit,computer-studies,
20260001192,Gutkowski,Monique,Kyle,SHS,GRADE_11,stem-11a,giallio,,,animation
20260001193,Rippin,Hadley,,COLLEGE,YEAR_4,bsit-2b,cahel,bsba,business-administration,
20260001194,Bednar,Adriana,Ryan,COLLEGE,YEAR_4,bscs-2a,roxxo,bsba,business-administration,
20260001195,Skiles,Mozelle,,SHS,GRADE_11,bsit-2b,giallio,,,programming
20260001196,Beier,Juliana,,SHS,GRADE_11,stem-11a,giallio,,,stem
20260001197,Corkery,Flavio,Skyler,COLLEGE,YEAR_2,stem-12b,roxxo,bsit,computer-studies,
20260001198,Cruickshank,August,James,COLLEGE,YEAR_4,bscs-2a,cahel,bscs,computer-studies,
20260001199,Goldner,Reilly,Hayden,COLLEGE,YEAR_4,bscs-2a,roxxo,bscs,computer-studies,
20260001200,Waelchi,Jermaine,,COLLEGE,YEAR_3,stem-12b,giallio,bsba,business-administration,
20260001201,Kutch,Karolann,,SHS,GRADE_12,stem-12b,giallio,,,programming
20260001202,Dietrich,Marlee,Addison,COLLEGE,YEAR_2,bsit-2b,azul,bsba,business-administration,
20260001203,DuBuque,Jerod,Logan,COLLEGE,YEAR_2,stem-12b,giallio,bsba,business-administration,
20260001204,Dach,Americo,River,COLLEGE,YEAR_2,stem-11a,cahel,bsba,business-administration,
20260001205,Thompson,Durward,Parker,SHS,GRADE_11,stem-11a,azul,,,stem
20260001206,Hane,Helga,Sawyer,COLLEGE,YEAR_4,stem-11a,giallio,bsit,computer-studies,
20260001207,Douglas,Suzanne,Cameron,SHS,GRADE_11,stem-12b,azul,,,css
20260001208,Schumm,Johathan,Reese,COLLEGE,YEAR_1,stem-12b,azul,bsit,computer-studies,
20260001209,Hackett,Enoch,,COLLEGE,YEAR_3,bsit-2b,roxxo,bshm,hotel-management,
20260001210,Trantow,Jason,Taylor,SHS,GRADE_12,stem-12b,roxxo,,,stem
20260001211,Raynor,Robert,Brooklyn,SHS,GRADE_12,bsit-2b,roxxo,,,abm
20260001212,Rowe,Joana,Harper,SHS,GRADE_12,bsit-2b,giallio,,,animation
20260001213,Smith,Kailey,,SHS,GRADE_12,stem-11a,giallio,,,he
20260001214,Crooks,Cali,Sage,SHS,GRADE_11,stem-11a,giallio,,,assh
20260001215,Nolan,Dedric,Riley,COLLEGE,YEAR_3,bscs-2a,azul,bsba,business-administration,
20260001216,Hamill,Lydia,,SHS,GRADE_12,stem-12b,vierrdy,,,stem
20260001217,Becker,Carol,Sawyer,COLLEGE,YEAR_2,bscs-2a,cahel,bsba,business-administration,
20260001218,Wunsch,Benny,,COLLEGE,YEAR_3,stem-11a,vierrdy,bsba,business-administration,
20260001219,Thompson,Halle,Arden,COLLEGE,YEAR_2,bscs-2a,roxxo,bshm,hotel-management,
20260001220,Walsh,Francisco,August,COLLEGE,YEAR_1,stem-12b,vierrdy,bshm,hotel-management,
20260001221,Beahan,Monty,Sasha,COLLEGE,YEAR_4,bsit-2b,roxxo,bshm,hotel-management,
20260001222,Brakus,Jimmy,Greer,COLLEGE,YEAR_2,stem-12b,roxxo,bscs,computer-studies,
20260001223,Corwin,June,Finley,COLLEGE,YEAR_4,stem-11a,roxxo,bshm,hotel-management,
20260001224,Hahn,Carlee,Avery,SHS,GRADE_11,stem-11a,vierrdy,,,assh
20260001225,Boyle,Meaghan,Ellis,COLLEGE,YEAR_4,bsit-2b,roxxo,bscs,computer-studies,
20260001226,Nicolas,Ardith,River,SHS,GRADE_11,bscs-2a,cahel,,,he
20260001227,Schmitt,Florencio,Jordan,SHS,GRADE_12,stem-11a,roxxo,,,stem
20260001228,Crona,Joaquin,Austin,COLLEGE,YEAR_2,bsit-2b,giallio,bsit,computer-studies,
20260001229,Wiza,Bennie,Addison,COLLEGE,YEAR_1,bsit-2b,roxxo,bscs,computer-studies,
20260001230,O'Connell,Mara,Greer,COLLEGE,YEAR_3,bsit-2b,azul,bsit,computer-studies,
20260001231,Hamill,Mason,,COLLEGE,YEAR_2,bsit-2b,roxxo,bsit,computer-studies,
20260001232,Bode,Dusty,Reagan,SHS,GRADE_12,bscs-2a,roxxo,,,animation
20260001233,Stroman,Leo,,SHS,GRADE_12,stem-11a,cahel,,,he
20260001234,VonRueden,Roberta,,SHS,GRADE_11,bscs-2a,giallio,,,abm
20260001235,Romaguera,Jessyca,Hayden,SHS,GRADE_12,bsit-2b,vierrdy,,,animation
20260001236,Pfeffer,Dedrick,Ellis,SHS,GRADE_11,stem-11a,azul,,,assh
20260001237,Farrell,Alberta,Charlie,SHS,GRADE_11,bscs-2a,vierrdy,,,assh
20260001238,Kautzer,Antoinette,Reagan,COLLEGE,YEAR_1,stem-11a,vierrdy,bsba,business-administration,
20260001239,Russel,Alta,Robin,COLLEGE,YEAR_4,stem-11a,vierrdy,bscs,computer-studies,
20260001240,Rutherford,Nicholaus,,COLLEGE,YEAR_2,stem-12b,roxxo,bscs,computer-studies,
20260001241,Brekke,Cristobal,Logan,COLLEGE,YEAR_3,stem-12b,roxxo,bsba,business-administration,
20260001242,O'Hara,Josefa,Harper,SHS,GRADE_11,stem-11a,cahel,,,abm
20260001243,Walker,Abigale,,COLLEGE,YEAR_4,bsit-2b,roxxo,bsba,business-administration,
20260001244,Mosciski,Mafalda,,SHS,GRADE_12,bsit-2b,vierrdy,,,animation
20260001245,Strosin,Shawn,,SHS,GRADE_12,stem-11a,azul,,,abm
20260001246,Kunze,Jeffry,Billie,SHS,GRADE_11,stem-12b,cahel,,,stem
20260001247,Monahan,Ebba,,COLLEGE,YEAR_4,bscs-2a,azul,bshm,hotel-management,
20260001248,Barton,Stephon,Bowie,SHS,GRADE_12,bscs-2a,roxxo,,,animation
20260001249,Connelly,Duncan,Rowan,SHS,GRADE_11,stem-11a,cahel,,,assh
20260001250,Kreiger,Mckenzie,Rory,SHS,GRADE_11,bscs-2a,cahel,,,css
20260001251,Lang,Royal,Angel,COLLEGE,YEAR_2,stem-11a,roxxo,bsit,computer-studies,
20260001252,Schaden,Alysa,Rory,SHS,GRADE_11,bsit-2b,roxxo,,,he
20260001253,Cruickshank-Lind,Lisette,North,COLLEGE,YEAR_3,stem-12b,azul,bscs,computer-studies,
20260001254,Graham,Thurman,Blake,COLLEGE,YEAR_2,bsit-2b,giallio,bsba,business-administration,
20260001255,Price,Melody,Jamie,COLLEGE,YEAR_4,bsit-2b,cahel,bshm,hotel-management,
20260001256,Schmidt,Hardy,Bowie,COLLEGE,YEAR_4,stem-12b,giallio,bscs,computer-studies,
20260001257,Kilback,Hannah,Finley,SHS,GRADE_12,bscs-2a,giallio,,,css
20260001258,Kuphal,Wilford,Kendall,COLLEGE,YEAR_4,bsit-2b,cahel,bsit,computer-studies,
20260001259,Cummings,Buddy,Rory,COLLEGE,YEAR_3,stem-12b,azul,bshm,hotel-management,
20260001260,Hegmann,Zora,Hayden,SHS,GRADE_12,bscs-2a,cahel,,,css
20260001261,Daugherty,Jo,Rowan,COLLEGE,YEAR_2,stem-12b,roxxo,bshm,hotel-management,
20260001262,Mosciski,Malinda,Bailey,SHS,GRADE_12,stem-11a,cahel,,,he
20260001263,Bechtelar,Gardner,,SHS,GRADE_11,bscs-2a,giallio,,,programming
20260001264,Jaskolski,Roxanne,,COLLEGE,YEAR_4,stem-12b,giallio,bshm,hotel-management,
20260001265,Parisian,Wilford,,COLLEGE,YEAR_1,stem-12b,cahel,bsit,computer-studies,
20260001266,Ward,Ambrose,Sage,COLLEGE,YEAR_2,bscs-2a,vierrdy,bsit,computer-studies,
20260001267,Skiles,Santino,Rowan,SHS,GRADE_11,bscs-2a,cahel,,,stem
20260001268,Reynolds-McDermott,Aubrey,Gray,SHS,GRADE_11,bsit-2b,roxxo,,,css
20260001269,Shanahan,Brad,,COLLEGE,YEAR_1,bscs-2a,vierrdy,bscs,computer-studies,
20260001270,Terry,Annamae,Addison,COLLEGE,YEAR_1,stem-11a,roxxo,bscs,computer-studies,
20260001271,Reichel-Rippin,Eugene,,SHS,GRADE_12,bscs-2a,cahel,,,stem
20260001272,Beahan,Allan,Harper,SHS,GRADE_12,bscs-2a,giallio,,,stem
20260001273,Durgan,Bell,Shawn,COLLEGE,YEAR_1,bscs-2a,giallio,bscs,computer-studies,
20260001274,Davis,Flavie,Jordan,COLLEGE,YEAR_2,bscs-2a,cahel,bsba,business-administration,
20260001275,Lueilwitz,Abbey,Ellis,SHS,GRADE_11,stem-11a,roxxo,,,abm
20260001276,Stroman,Anabel,Corey,COLLEGE,YEAR_1,bscs-2a,azul,bsit,computer-studies,
20260001277,Dibbert-O'Kon,Eveline,,COLLEGE,YEAR_2,stem-11a,roxxo,bscs,computer-studies,
20260001278,Gleichner,Caesar,James,COLLEGE,YEAR_2,bscs-2a,vierrdy,bsit,computer-studies,
20260001279,Purdy,Justyn,Robin,COLLEGE,YEAR_4,bscs-2a,roxxo,bshm,hotel-management,
20260001280,Mertz,Micaela,Finley,COLLEGE,YEAR_4,bscs-2a,roxxo,bsba,business-administration,
20260001281,O'Conner,Shaniya,Robin,SHS,GRADE_11,bscs-2a,cahel,,,css
20260001282,Leannon,Lexus,Shawn,COLLEGE,YEAR_2,bscs-2a,vierrdy,bshm,hotel-management,
20260001283,Crist,Lily,,SHS,GRADE_12,stem-12b,azul,,,abm
20260001284,Feil,Esmeralda,,COLLEGE,YEAR_4,bsit-2b,cahel,bsit,computer-studies,
20260001285,Carroll,Emmalee,Logan,SHS,GRADE_11,bsit-2b,giallio,,,abm
20260001286,Stanton,Broderick,,SHS,GRADE_12,bscs-2a,azul,,,css
20260001287,Jakubowski,Louie,Addison,COLLEGE,YEAR_2,stem-12b,roxxo,bscs,computer-studies,
20260001288,Luettgen-Hartmann,Tobin,Ellis,SHS,GRADE_12,bsit-2b,cahel,,,programming
20260001289,Kozey,Cordie,,COLLEGE,YEAR_3,bsit-2b,cahel,bsba,business-administration,
20260001290,Moore,Madisen,Sawyer,COLLEGE,YEAR_3,bsit-2b,cahel,bshm,hotel-management,
20260001291,Tillman,Delia,Bailey,COLLEGE,YEAR_4,bsit-2b,vierrdy,bsba,business-administration,
20260001292,Okuneva,Imogene,,COLLEGE,YEAR_3,stem-12b,cahel,bsit,computer-studies,
20260001293,Baumbach,Emmalee,Charlie,COLLEGE,YEAR_4,bscs-2a,roxxo,bshm,hotel-management,
20260001294,Hudson,Maudie,,SHS,GRADE_12,bscs-2a,azul,,,programming
20260001295,Dooley,Veda,,SHS,GRADE_11,bsit-2b,vierrdy,,,abm
20260001296,Dare,Willard,Cameron,COLLEGE,YEAR_2,stem-12b,vierrdy,bscs,computer-studies,
20260001297,Orn,Laury,Nico,COLLEGE,YEAR_3,bscs-2a,cahel,bsit,computer-studies,
20260001298,Hegmann-Mante,Branson,,COLLEGE,YEAR_4,stem-12b,azul,bscs,computer-studies,
20260001299,Carroll-Hirthe,Dana,Reagan,SHS,GRADE_12,stem-12b,roxxo,,,programming
20260001300,Brekke,Freddy,Reese,SHS,GRADE_12,stem-12b,giallio,,,stem
20260001301,Cruickshank,Adolf,Jordan,COLLEGE,YEAR_4,bscs-2a,giallio,bscs,computer-studies,
20260001302,Hand,Jarret,Sage,SHS,GRADE_11,bsit-2b,roxxo,,,he
20260001303,Thompson,Vincenza,Addison,SHS,GRADE_12,bscs-2a,roxxo,,,abm
20260001304,Schulist,Deanna,Kai,SHS,GRADE_11,bsit-2b,vierrdy,,,stem
20260001305,Schinner,Krystina,Alex,SHS,GRADE_12,bsit-2b,roxxo,,,animation
20260001306,Collins,Vilma,Drew,COLLEGE,YEAR_1,stem-11a,cahel,bshm,hotel-management,
20260001307,Bins,Eileen,,SHS,GRADE_11,bsit-2b,vierrdy,,,he
20260001308,Waelchi,Davon,,COLLEGE,YEAR_2,bscs-2a,vierrdy,bscs,computer-studies,
20260001309,Toy,Isabella,Parker,SHS,GRADE_12,stem-12b,cahel,,,assh
20260001310,Moore,Magali,Avery,COLLEGE,YEAR_2,bscs-2a,giallio,bsba,business-administration,
20260001311,Little,Philip,Logan,COLLEGE,YEAR_1,bsit-2b,cahel,bscs,computer-studies,
20260001312,Lockman,Madge,Noah,COLLEGE,YEAR_1,bsit-2b,vierrdy,bscs,computer-studies,
20260001313,Boyer,Toby,Angel,COLLEGE,YEAR_4,stem-11a,roxxo,bshm,hotel-management,
20260001314,Robel,Royce,,SHS,GRADE_11,bscs-2a,azul,,,assh
20260001315,Aufderhar,Dianna,Sawyer,COLLEGE,YEAR_4,bscs-2a,giallio,bscs,computer-studies,
20260001316,Kiehn,Clementina,Corey,COLLEGE,YEAR_2,stem-12b,vierrdy,bsit,computer-studies,
20260001317,Langosh,Isadore,,SHS,GRADE_12,bsit-2b,azul,,,animation
20260001318,Ruecker,Aleen,Kai,COLLEGE,YEAR_3,stem-12b,giallio,bshm,hotel-management,
20260001319,Schowalter,Taya,Sage,SHS,GRADE_12,bscs-2a,giallio,,,abm
20260001320,Friesen,Evangeline,Reign,SHS,GRADE_12,bsit-2b,vierrdy,,,animation
20260001321,Kessler,Josiane,,SHS,GRADE_12,stem-11a,roxxo,,,abm
20260001322,Bogan-Hamill,Leonie,Finley,SHS,GRADE_11,stem-11a,vierrdy,,,stem
20260001323,Anderson,Allan,Noah,COLLEGE,YEAR_3,bscs-2a,azul,bscs,computer-studies,
20260001324,Bogisich,Lorena,North,SHS,GRADE_12,stem-12b,vierrdy,,,css
20260001325,Ankunding,Garfield,,COLLEGE,YEAR_1,stem-12b,giallio,bshm,hotel-management,
20260001326,Sawayn-Stokes,Amie,,SHS,GRADE_12,bsit-2b,azul,,,animation
20260001327,Hansen,Mauricio,,SHS,GRADE_12,stem-12b,giallio,,,assh
20260001328,Casper,Kennedy,,SHS,GRADE_11,bscs-2a,cahel,,,abm
20260001329,Schuppe-O'Keefe,Elnora,Angel,COLLEGE,YEAR_2,stem-12b,cahel,bshm,hotel-management,
20260001330,DuBuque,Lindsay,Kendall,COLLEGE,YEAR_4,bsit-2b,vierrdy,bscs,computer-studies,
20260001331,Treutel,Felipe,Rory,SHS,GRADE_11,bsit-2b,azul,,,he
20260001332,Langworth,Marielle,Jordan,SHS,GRADE_12,stem-12b,roxxo,,,abm
20260001333,Thiel,Marquise,North,COLLEGE,YEAR_1,stem-11a,giallio,bshm,hotel-management,
20260001334,Reynolds,Lilyan,,SHS,GRADE_12,bscs-2a,vierrdy,,,assh
20260001335,Yundt,Linda,Billie,COLLEGE,YEAR_2,stem-12b,azul,bsba,business-administration,
20260001336,Daniel,Christy,,COLLEGE,YEAR_3,stem-11a,roxxo,bsit,computer-studies,
20260001337,Braun,Lera,,COLLEGE,YEAR_1,bscs-2a,azul,bsba,business-administration,
20260001338,Cummerata,Mckenzie,Rowan,SHS,GRADE_11,bscs-2a,vierrdy,,,he
20260001339,Feil,Eduardo,Robin,COLLEGE,YEAR_2,bsit-2b,roxxo,bshm,hotel-management,
20260001340,Stark,Emilio,Ryan,SHS,GRADE_11,bscs-2a,cahel,,,he
20260001341,Balistreri,Lura,Drew,SHS,GRADE_12,bscs-2a,giallio,,,assh
20260001342,Yundt,Einar,Jaden,COLLEGE,YEAR_2,stem-11a,giallio,bsit,computer-studies,
20260001343,Gusikowski,Delfina,,SHS,GRADE_12,bscs-2a,giallio,,,abm
20260001344,Bartoletti,Joy,,SHS,GRADE_12,stem-11a,azul,,,assh
20260001345,Beier,Luther,Skyler,COLLEGE,YEAR_3,bsit-2b,cahel,bshm,hotel-management,
20260001346,Predovic,Delphia,,SHS,GRADE_11,stem-12b,cahel,,,he
20260001347,Nitzsche,Ida,Corey,COLLEGE,YEAR_4,bsit-2b,giallio,bsit,computer-studies,
20260001348,Green,Melvin,Skyler,COLLEGE,YEAR_1,stem-12b,roxxo,bsit,computer-studies,
20260001349,Zemlak,Marshall,,COLLEGE,YEAR_4,stem-12b,giallio,bshm,hotel-management,
20260001350,Kohler,Keanu,,COLLEGE,YEAR_1,stem-12b,giallio,bsit,computer-studies,
20260001351,Jacobi,Kasey,Alex,COLLEGE,YEAR_3,stem-11a,azul,bscs,computer-studies,
20260001352,Harber,Stefan,,SHS,GRADE_12,stem-12b,vierrdy,,,stem
20260001353,Bechtelar,Stephen,Angel,COLLEGE,YEAR_2,stem-12b,azul,bsit,computer-studies,
20260001354,Oberbrunner,Daniela,Dakota,SHS,GRADE_11,bscs-2a,roxxo,,,animation
20260001355,Kessler,Verda,Noah,SHS,GRADE_11,bscs-2a,azul,,,abm
20260001356,Barrows,Maegan,,SHS,GRADE_12,bscs-2a,giallio,,,abm
20260001357,Bartoletti,Gerard,August,SHS,GRADE_12,bsit-2b,cahel,,,animation
20260001358,Jacobson,Priscilla,Billie,COLLEGE,YEAR_3,stem-11a,vierrdy,bsit,computer-studies,
20260001359,Ebert,Roger,Avery,COLLEGE,YEAR_3,stem-11a,azul,bsit,computer-studies,
20260001360,Wiegand,Glenna,Arden,COLLEGE,YEAR_1,stem-11a,cahel,bscs,computer-studies,
20260001361,Cormier,Jesus,,SHS,GRADE_12,bsit-2b,roxxo,,,he
20260001362,Rosenbaum,Titus,Sasha,SHS,GRADE_11,stem-12b,azul,,,he
20260001363,Schiller,Avery,Harper,SHS,GRADE_12,bscs-2a,roxxo,,,assh
20260001364,Beier,Dion,Jaden,SHS,GRADE_11,bsit-2b,giallio,,,animation
20260001365,Breitenberg,Kamron,,COLLEGE,YEAR_1,stem-12b,vierrdy,bshm,hotel-management,
20260001366,Ziemann,Ladarius,Sasha,SHS,GRADE_11,stem-11a,giallio,,,css
20260001367,Smitham,Gertrude,Reagan,COLLEGE,YEAR_3,bsit-2b,vierrdy,bsit,computer-studies,
20260001368,Hessel,Horace,Kendall,COLLEGE,YEAR_4,stem-11a,roxxo,bsba,business-administration,
20260001369,Conn,Haylee,Sasha,SHS,GRADE_12,stem-11a,vierrdy,,,programming
20260001370,Brown,Enid,Cameron,SHS,GRADE_11,stem-11a,azul,,,animation
20260001371,VonRueden,Brando,Finley,COLLEGE,YEAR_1,bscs-2a,cahel,bshm,hotel-management,
20260001372,Veum,Neva,Cameron,COLLEGE,YEAR_4,stem-11a,cahel,bscs,computer-studies,
20260001373,Bernier,Riley,,COLLEGE,YEAR_4,bsit-2b,roxxo,bshm,hotel-management,
20260001374,Sipes,Hailey,Ellis,SHS,GRADE_11,bsit-2b,roxxo,,,stem
20260001375,Lang,Toby,Jules,SHS,GRADE_12,stem-12b,vierrdy,,,animation
20260001376,Gleichner,Chanelle,,COLLEGE,YEAR_4,bsit-2b,cahel,bsit,computer-studies,
20260001377,Lueilwitz,Angelica,Kennedy,SHS,GRADE_12,stem-11a,roxxo,,,abm
20260001378,Littel,Troy,Emerson,SHS,GRADE_12,bscs-2a,cahel,,,programming
20260001379,Weissnat,Delphia,Leslie,SHS,GRADE_12,stem-12b,cahel,,,he
20260001380,Flatley,Brook,Kyle,COLLEGE,YEAR_4,bsit-2b,vierrdy,bsit,computer-studies,
20260001381,Howell,Francesco,,COLLEGE,YEAR_1,bsit-2b,roxxo,bscs,computer-studies,
20260001382,Tillman,Aaliyah,Greer,COLLEGE,YEAR_3,stem-11a,cahel,bshm,hotel-management,
20260001383,Romaguera,Jermaine,Micah,COLLEGE,YEAR_1,bsit-2b,roxxo,bsba,business-administration,
20260001384,Considine,Helena,Anderson,COLLEGE,YEAR_3,stem-12b,vierrdy,bscs,computer-studies,
20260001385,Morar,Valerie,Parker,SHS,GRADE_12,bscs-2a,cahel,,,css
20260001386,Waters,Destiney,,SHS,GRADE_11,bscs-2a,vierrdy,,,programming
20260001387,Parker,Fernando,Bowie,COLLEGE,YEAR_1,bsit-2b,cahel,bsba,business-administration,
20260001388,Durgan,Soledad,Riley,COLLEGE,YEAR_1,stem-11a,vierrdy,bsba,business-administration,
20260001389,Dietrich,Johan,Reign,COLLEGE,YEAR_2,stem-11a,giallio,bsit,computer-studies,
20260001390,Wuckert,Paris,Sage,SHS,GRADE_11,bsit-2b,vierrdy,,,stem
20260001391,Swift,Kieran,Bowie,COLLEGE,YEAR_3,bscs-2a,giallio,bsit,computer-studies,
20260001392,Hauck,Dana,Shiloh,COLLEGE,YEAR_2,stem-12b,roxxo,bsit,computer-studies,
20260001393,Harber,Ashley,,COLLEGE,YEAR_2,bscs-2a,roxxo,bsit,computer-studies,
20260001394,Schoen-Kreiger,Isabell,,COLLEGE,YEAR_1,stem-11a,giallio,bshm,hotel-management,
20260001395,Bins,Clay,Alex,COLLEGE,YEAR_1,bscs-2a,giallio,bshm,hotel-management,
20260001396,Halvorson,Ellsworth,Logan,SHS,GRADE_12,stem-11a,azul,,,he
20260001397,Ruecker,Jarrett,,SHS,GRADE_12,bsit-2b,giallio,,,programming
20260001398,Reynolds,Yadira,Leslie,COLLEGE,YEAR_4,stem-12b,roxxo,bsba,business-administration,
20260001399,Effertz,Jaime,Kennedy,COLLEGE,YEAR_4,stem-12b,azul,bsba,business-administration,
20260001400,Batz,Nova,Arden,COLLEGE,YEAR_4,bscs-2a,giallio,bshm,hotel-management,
20260001401,Rau,Candida,Gray,COLLEGE,YEAR_4,stem-11a,cahel,bshm,hotel-management,
20260001402,West,Yolanda,Drew,COLLEGE,YEAR_1,stem-12b,azul,bsba,business-administration,
20260001403,Dare,Enid,River,COLLEGE,YEAR_1,stem-12b,cahel,bscs,computer-studies,
20260001404,Bednar,Coy,,COLLEGE,YEAR_3,bsit-2b,azul,bshm,hotel-management,
20260001405,Nolan,Lacy,Charlie,SHS,GRADE_11,bsit-2b,giallio,,,css
20260001406,Collins,Ericka,Austin,SHS,GRADE_12,bscs-2a,vierrdy,,,assh
20260001407,Orn,Frank,Shiloh,SHS,GRADE_11,stem-12b,cahel,,,assh
20260001408,Bradtke,Theresia,,SHS,GRADE_11,bsit-2b,azul,,,he
20260001409,Towne,Hilbert,,COLLEGE,YEAR_1,stem-11a,roxxo,bshm,hotel-management,
20260001410,DuBuque,Tamia,,SHS,GRADE_11,bscs-2a,roxxo,,,css
20260001411,Predovic,Tressa,August,COLLEGE,YEAR_4,bsit-2b,azul,bscs,computer-studies,
20260001412,Homenick,Araceli,,COLLEGE,YEAR_2,bsit-2b,giallio,bsit,computer-studies,
20260001413,O'Connell,Guadalupe,Taylor,COLLEGE,YEAR_2,stem-11a,vierrdy,bscs,computer-studies,
20260001414,Bahringer,Jaime,River,COLLEGE,YEAR_1,stem-11a,cahel,bsba,business-administration,
20260001415,Smitham,Mikayla,Dakota,SHS,GRADE_12,bsit-2b,roxxo,,,css
20260001416,Schaden,Colten,Shiloh,SHS,GRADE_12,bsit-2b,cahel,,,animation
20260001417,Heaney,Delpha,Kennedy,COLLEGE,YEAR_1,stem-11a,roxxo,bsba,business-administration,
20260001418,Haag,Maurine,Ellis,COLLEGE,YEAR_1,stem-12b,vierrdy,bsit,computer-studies,
20260001419,Hodkiewicz,Jada,Ryan,SHS,GRADE_12,stem-11a,azul,,,he
20260001420,Tillman,Alejandrin,,COLLEGE,YEAR_3,bscs-2a,giallio,bscs,computer-studies,
20260001421,Zieme,Milan,,COLLEGE,YEAR_1,bscs-2a,cahel,bshm,hotel-management,
20260001422,Abernathy,Kristin,Anderson,COLLEGE,YEAR_4,stem-11a,giallio,bsit,computer-studies,
20260001423,Stark,Christelle,Bailey,SHS,GRADE_11,bsit-2b,cahel,,,stem
20260001424,Nikolaus,Josie,,SHS,GRADE_12,stem-12b,vierrdy,,,abm
20260001425,Wehner,Mona,Angel,COLLEGE,YEAR_2,bscs-2a,giallio,bsit,computer-studies,
20260001426,Dach,Kianna,Austin,SHS,GRADE_11,stem-12b,giallio,,,animation
20260001427,Bosco,Jeff,Avery,SHS,GRADE_11,stem-12b,vierrdy,,,programming
20260001428,Ferry,Irma,Sasha,SHS,GRADE_11,stem-11a,cahel,,,css
20260001429,Ortiz,Ara,,SHS,GRADE_12,bsit-2b,cahel,,,animation
20260001430,Reichert,Foster,Brooklyn,COLLEGE,YEAR_3,bscs-2a,azul,bsba,business-administration,
20260001431,Rowe,Delta,,COLLEGE,YEAR_4,stem-11a,azul,bsit,computer-studies,
20260001432,Hegmann,Aaliyah,,COLLEGE,YEAR_1,bsit-2b,roxxo,bsba,business-administration,
20260001433,Dooley,Hailee,,SHS,GRADE_12,bscs-2a,giallio,,,programming
20260001434,Wyman,Terence,,COLLEGE,YEAR_3,bsit-2b,roxxo,bscs,computer-studies,
20260001435,Strosin,Giovanni,Reagan,COLLEGE,YEAR_3,bscs-2a,azul,bsba,business-administration,
20260001436,Grant,Macey,Gray,COLLEGE,YEAR_3,stem-12b,giallio,bshm,hotel-management,
20260001437,Mueller,Mia,,COLLEGE,YEAR_1,stem-11a,giallio,bsit,computer-studies,
20260001438,Morissette,Elliot,,COLLEGE,YEAR_3,bsit-2b,cahel,bsit,computer-studies,
20260001439,Roob,Jennings,Quinn,COLLEGE,YEAR_1,bscs-2a,vierrdy,bshm,hotel-management,
20260001440,Hettinger,Bernie,,COLLEGE,YEAR_2,stem-11a,cahel,bsit,computer-studies,
20260001441,Fahey,Elva,,SHS,GRADE_12,stem-12b,roxxo,,,assh
20260001442,Reichert,Solon,Hayden,COLLEGE,YEAR_1,bsit-2b,azul,bscs,computer-studies,
20260001443,Gottlieb,Bradford,Charlie,SHS,GRADE_11,stem-11a,azul,,,css
20260001444,Kris,Scot,Greer,COLLEGE,YEAR_3,stem-12b,cahel,bsit,computer-studies,
20260001445,Miller,Dolores,Hayden,SHS,GRADE_12,bsit-2b,cahel,,,he
20260001446,Walsh,Oliver,Sage,SHS,GRADE_11,bscs-2a,vierrdy,,,abm
20260001447,Keebler,Ramona,August,COLLEGE,YEAR_2,stem-11a,giallio,bsba,business-administration,
20260001448,Roberts,Thalia,,SHS,GRADE_11,stem-11a,vierrdy,,,he
20260001449,Osinski,Karolann,,COLLEGE,YEAR_4,stem-11a,cahel,bsit,computer-studies,
20260001450,Heller,Lucious,North,SHS,GRADE_12,bscs-2a,cahel,,,programming
20260001451,Stanton,Davonte,Shiloh,COLLEGE,YEAR_1,stem-11a,giallio,bsba,business-administration,
20260001452,Ward,Carol,Kennedy,SHS,GRADE_12,stem-12b,azul,,,animation
20260001453,White,Art,Arden,COLLEGE,YEAR_4,bsit-2b,cahel,bscs,computer-studies,
20260001454,Pollich,Allene,Sage,COLLEGE,YEAR_3,bscs-2a,cahel,bshm,hotel-management,
20260001455,Collier,Fidel,London,SHS,GRADE_12,bscs-2a,vierrdy,,,stem
20260001456,Rodriguez,Eveline,Bowie,COLLEGE,YEAR_4,stem-11a,giallio,bscs,computer-studies,
20260001457,Schmidt,Beryl,Shawn,COLLEGE,YEAR_3,bscs-2a,cahel,bscs,computer-studies,
20260001458,Kessler,Orrin,Reagan,COLLEGE,YEAR_3,bscs-2a,azul,bshm,hotel-management,
20260001459,Parisian,Emerson,Nico,COLLEGE,YEAR_3,bsit-2b,vierrdy,bscs,computer-studies,
20260001460,Little,Alec,Ellis,SHS,GRADE_12,bsit-2b,cahel,,,assh
20260001461,Dietrich,Brian,,COLLEGE,YEAR_3,stem-11a,azul,bshm,hotel-management,
20260001462,Murray,Donnell,,COLLEGE,YEAR_4,bscs-2a,giallio,bscs,computer-studies,
20260001463,Lakin,Janet,Sasha,COLLEGE,YEAR_1,bscs-2a,vierrdy,bsba,business-administration,
20260001464,Reichert,Jasper,Bowie,COLLEGE,YEAR_1,stem-12b,azul,bshm,hotel-management,
20260001465,Heathcote,Justine,,COLLEGE,YEAR_2,stem-12b,azul,bshm,hotel-management,
20260001466,Nitzsche-Okuneva,Talia,Riley,COLLEGE,YEAR_1,bsit-2b,roxxo,bsba,business-administration,
20260001467,Gislason,Robin,,COLLEGE,YEAR_1,bsit-2b,azul,bscs,computer-studies,
20260001468,Durgan,Ladarius,Jordan,COLLEGE,YEAR_4,bscs-2a,cahel,bscs,computer-studies,
20260001469,Gorczany,Kale,Avery,COLLEGE,YEAR_1,stem-12b,azul,bsit,computer-studies,
20260001470,Klocko,Lenora,,COLLEGE,YEAR_1,bsit-2b,roxxo,bsit,computer-studies,
20260001471,Lynch,Tremaine,Leslie,COLLEGE,YEAR_3,bsit-2b,vierrdy,bshm,hotel-management,
20260001472,Bergnaum,Danyka,Hayden,COLLEGE,YEAR_1,stem-11a,roxxo,bsba,business-administration,
20260001473,Bayer,Tyrese,Reagan,COLLEGE,YEAR_3,bsit-2b,cahel,bsit,computer-studies,
20260001474,Bauch,Mortimer,Billie,COLLEGE,YEAR_4,stem-11a,azul,bsba,business-administration,
20260001475,Reynolds,Efrain,Jaden,SHS,GRADE_11,stem-12b,cahel,,,programming
20260001476,Cassin,Rolando,London,COLLEGE,YEAR_2,bscs-2a,giallio,bsit,computer-studies,
20260001477,Feest,Glen,Hayden,COLLEGE,YEAR_4,bscs-2a,giallio,bsit,computer-studies,
20260001478,Will,Kole,,COLLEGE,YEAR_4,stem-12b,vierrdy,bscs,computer-studies,
20260001479,Williamson,Terrence,Reese,COLLEGE,YEAR_1,stem-11a,azul,bsit,computer-studies,
20260001480,Volkman,Gwendolyn,Blake,COLLEGE,YEAR_4,bsit-2b,cahel,bscs,computer-studies,
20260001481,Waters,Casey,,COLLEGE,YEAR_3,bscs-2a,cahel,bsit,computer-studies,
20260001482,Rau,Joy,Charlie,SHS,GRADE_11,bsit-2b,giallio,,,he
20260001483,Larkin,Kaelyn,Billie,SHS,GRADE_11,stem-12b,giallio,,,css
20260001484,Runolfsson,Weldon,Drew,COLLEGE,YEAR_4,stem-11a,roxxo,bsit,computer-studies,
20260001485,Kozey,Connor,August,COLLEGE,YEAR_2,bscs-2a,azul,bsba,business-administration,
20260001486,Mraz,Grady,,SHS,GRADE_12,stem-11a,azul,,,stem
20260001487,Weissnat,Marisol,Anderson,COLLEGE,YEAR_3,stem-11a,roxxo,bsit,computer-studies,
20260001488,Aufderhar,Maximilian,Leslie,SHS,GRADE_12,stem-11a,cahel,,,animation
20260001489,DuBuque,Rowland,Logan,COLLEGE,YEAR_4,stem-11a,roxxo,bsba,business-administration,
20260001490,Kuhlman,Chase,Ellis,SHS,GRADE_11,bscs-2a,giallio,,,assh
20260001491,Fisher-Pouros,Zackary,,SHS,GRADE_12,stem-12b,cahel,,,animation
20260001492,Hermiston,Stanley,,COLLEGE,YEAR_4,stem-12b,giallio,bscs,computer-studies,
20260001493,Gutmann,Isom,,SHS,GRADE_12,stem-11a,roxxo,,,abm
20260001494,Marvin-Treutel,Mellie,Logan,SHS,GRADE_11,bsit-2b,giallio,,,assh
20260001495,Blick,Johnpaul,,COLLEGE,YEAR_3,bscs-2a,vierrdy,bsit,computer-studies,
20260001496,Kutch,Charlie,,COLLEGE,YEAR_3,bscs-2a,cahel,bshm,hotel-management,
20260001497,Blick,Silas,Quinn,SHS,GRADE_12,stem-12b,roxxo,,,abm
20260001498,Schumm,Teagan,Jamie,SHS,GRADE_11,bscs-2a,roxxo,,,animation
20260001499,Lesch,Kole,Jaden,COLLEGE,YEAR_1,stem-11a,roxxo,bsit,computer-studies,
20260001500,Jaskolski,Bo,Kendall,COLLEGE,YEAR_2,stem-11a,azul,bshm,hotel-management,
20260001501,Jaskolski,Manuela,,COLLEGE,YEAR_1,bsit-2b,giallio,bsba,business-administration,
20260001502,Conn,Gwendolyn,Reagan,COLLEGE,YEAR_1,stem-12b,roxxo,bsba,business-administration,
20260001503,Grimes,Lisa,,COLLEGE,YEAR_3,bscs-2a,vierrdy,bsba,business-administration,
20260001504,Stoltenberg,Clovis,Billie,SHS,GRADE_11,stem-12b,azul,,,css
20260001505,Kihn,Sebastian,Austin,COLLEGE,YEAR_4,bscs-2a,azul,bshm,hotel-management,
20260001506,Hodkiewicz,Alexanne,Shawn,SHS,GRADE_12,bscs-2a,cahel,,,abm
20260001507,Kuvalis,Uriel,Harper,SHS,GRADE_11,bscs-2a,roxxo,,,he
20260001508,McClure,Josefina,Emerson,SHS,GRADE_11,stem-11a,roxxo,,,animation
20260001509,Toy,Ignacio,Nico,COLLEGE,YEAR_2,bsit-2b,giallio,bscs,computer-studies,
20260001510,Terry,Emile,Logan,SHS,GRADE_11,stem-11a,vierrdy,,,abm
20260001511,Huels,Carlee,Skyler,COLLEGE,YEAR_2,bscs-2a,cahel,bshm,hotel-management,
20260001512,Powlowski-Rogahn,Blake,Logan,SHS,GRADE_11,stem-11a,roxxo,,,abm
20260001513,Hand,Houston,,COLLEGE,YEAR_3,stem-11a,giallio,bshm,hotel-management,
20260001514,Johnston,Salvatore,Shawn,COLLEGE,YEAR_2,stem-11a,azul,bsit,computer-studies,
20260001515,Mann,Cornell,Nico,COLLEGE,YEAR_3,bsit-2b,vierrdy,bscs,computer-studies,
20260001516,Kuhlman,Zakary,Leslie,COLLEGE,YEAR_1,bscs-2a,giallio,bsba,business-administration,
20260001517,Predovic,Cleora,Shawn,SHS,GRADE_12,bscs-2a,roxxo,,,abm
20260001518,Leffler,Bertrand,,COLLEGE,YEAR_1,stem-11a,cahel,bscs,computer-studies,
20260001519,Schuster,Maurine,Shiloh,SHS,GRADE_12,stem-11a,giallio,,,programming
20260001520,Krajcik,Martin,Jules,SHS,GRADE_12,bsit-2b,vierrdy,,,stem
20260001521,Ratke,Izabella,,SHS,GRADE_11,stem-11a,giallio,,,assh
20260001522,Hyatt,Stacey,,COLLEGE,YEAR_3,bscs-2a,cahel,bsit,computer-studies,
20260001523,Crona,Iva,Austin,SHS,GRADE_11,stem-12b,cahel,,,css
20260001524,Crist,Willis,Riley,COLLEGE,YEAR_3,bscs-2a,vierrdy,bscs,computer-studies,
20260001525,Osinski,Ottis,Jaden,COLLEGE,YEAR_2,bscs-2a,roxxo,bshm,hotel-management,
20260001526,West,Pascale,Noah,COLLEGE,YEAR_4,bscs-2a,azul,bsba,business-administration,
20260001527,Cole-Bahringer,Chasity,London,COLLEGE,YEAR_4,stem-12b,vierrdy,bscs,computer-studies,
20260001528,Adams,Priscilla,Ryan,SHS,GRADE_11,stem-11a,azul,,,assh
20260001529,Berge,Izaiah,Austin,SHS,GRADE_11,stem-11a,azul,,,animation
20260001530,Herzog,Uriah,,SHS,GRADE_12,bsit-2b,cahel,,,animation
20260001531,Conn,Fletcher,Dakota,COLLEGE,YEAR_1,bscs-2a,roxxo,bsba,business-administration,
20260001532,Denesik,Constantin,,SHS,GRADE_11,stem-12b,azul,,,css
20260001533,Kovacek,Aiden,Billie,COLLEGE,YEAR_1,bsit-2b,roxxo,bshm,hotel-management,
20260001534,Nolan,Raquel,August,SHS,GRADE_11,bscs-2a,vierrdy,,,animation
20260001535,Turcotte,Eli,Cameron,SHS,GRADE_11,stem-12b,roxxo,,,css
20260001536,Grady,Graham,Kennedy,COLLEGE,YEAR_1,bsit-2b,giallio,bscs,computer-studies,
20260001537,Donnelly,Leonor,Shawn,COLLEGE,YEAR_4,stem-12b,vierrdy,bsba,business-administration,
20260001538,Heller,Darrick,Elliott,COLLEGE,YEAR_3,stem-11a,azul,bscs,computer-studies,
20260001539,Reichert,Erling,Emerson,SHS,GRADE_11,bscs-2a,cahel,,,programming
20260001540,Lubowitz,Jodie,Rowan,SHS,GRADE_12,bsit-2b,azul,,,abm
20260001541,Leffler,Lilian,Greer,SHS,GRADE_12,bscs-2a,azul,,,css
20260001542,Dickinson,Hayden,Bailey,COLLEGE,YEAR_3,stem-11a,azul,bshm,hotel-management,
20260001543,Frami,Wilbert,,SHS,GRADE_11,stem-12b,cahel,,,animation
20260001544,Rau,Ivory,Rowan,COLLEGE,YEAR_3,stem-11a,giallio,bscs,computer-studies,
20260001545,Cruickshank-Abbott,Nora,,SHS,GRADE_11,stem-12b,roxxo,,,he
20260001546,Bradtke,Florian,,SHS,GRADE_12,bsit-2b,vierrdy,,,abm
20260001547,Schaden,Laverne,,COLLEGE,YEAR_3,bsit-2b,azul,bshm,hotel-management,
20260001548,Runolfsdottir,Shanel,Drew,COLLEGE,YEAR_1,stem-11a,cahel,bscs,computer-studies,
20260001549,Trantow,Henry,Sage,SHS,GRADE_11,stem-12b,roxxo,,,stem
20260001550,Rohan,Gloria,,COLLEGE,YEAR_3,bsit-2b,roxxo,bsba,business-administration,
20260001551,Bashirian,Spencer,Austin,COLLEGE,YEAR_4,bscs-2a,vierrdy,bscs,computer-studies,
20260001552,Herzog,Janet,,SHS,GRADE_12,bsit-2b,azul,,,abm
20260001553,Cummings-Howell,Boris,,COLLEGE,YEAR_4,stem-11a,cahel,bscs,computer-studies,
20260001554,West,Tod,Bowie,SHS,GRADE_11,stem-11a,cahel,,,css
20260001555,Swaniawski,Ezra,,COLLEGE,YEAR_1,bscs-2a,cahel,bsba,business-administration,
20260001556,Romaguera,Emiliano,Marlowe,SHS,GRADE_11,stem-12b,azul,,,programming
20260001557,Haley,Crawford,Gray,COLLEGE,YEAR_4,stem-11a,cahel,bshm,hotel-management,
20260001558,Hudson,Francisca,Phoenix,COLLEGE,YEAR_2,stem-12b,giallio,bscs,computer-studies,
20260001559,Schimmel,Zena,Kai,COLLEGE,YEAR_2,bsit-2b,cahel,bshm,hotel-management,
20260001560,Jones,Luciano,Reign,SHS,GRADE_12,stem-12b,azul,,,css
20260001561,Wiegand,Zita,Kendall,COLLEGE,YEAR_3,bscs-2a,giallio,bsba,business-administration,
20260001562,Wiegand,Caden,Ellis,COLLEGE,YEAR_4,bsit-2b,giallio,bscs,computer-studies,
20260001563,Yost,Ardith,,SHS,GRADE_12,stem-12b,giallio,,,programming
20260001564,Kuhlman,Alan,Leslie,SHS,GRADE_11,stem-12b,cahel,,,stem
20260001565,Nitzsche,Clarabelle,,SHS,GRADE_11,bscs-2a,azul,,,stem
20260001566,Botsford,Stella,Leslie,COLLEGE,YEAR_3,bscs-2a,azul,bsit,computer-studies,
20260001567,Waters,Anika,Reagan,COLLEGE,YEAR_1,stem-12b,giallio,bsba,business-administration,
20260001568,Lemke,Tremayne,Skyler,COLLEGE,YEAR_1,bscs-2a,roxxo,bsba,business-administration,
20260001569,Balistreri,Keenan,Noah,COLLEGE,YEAR_3,bsit-2b,vierrdy,bshm,hotel-management,
20260001570,Cummings,Bria,,SHS,GRADE_11,bscs-2a,cahel,,,css
20260001571,Gerlach,Tyra,,COLLEGE,YEAR_1,bscs-2a,roxxo,bsba,business-administration,
20260001572,Upton,Arielle,North,COLLEGE,YEAR_4,bscs-2a,giallio,bscs,computer-studies,
20260001573,Rice,Amari,Angel,SHS,GRADE_11,stem-12b,azul,,,css
20260001574,Treutel,Ada,Greer,SHS,GRADE_11,stem-12b,cahel,,,css
20260001575,Moen,Kevon,Billie,SHS,GRADE_11,bscs-2a,azul,,,css
20260001576,Morissette,Eva,Arden,SHS,GRADE_12,stem-11a,giallio,,,programming
20260001577,Goldner-Senger,Cora,,SHS,GRADE_12,bsit-2b,cahel,,,abm
20260001578,Abbott,Rosalinda,Blake,COLLEGE,YEAR_4,stem-12b,vierrdy,bscs,computer-studies,
20260001579,Torp,Shyanne,Sasha,SHS,GRADE_11,bscs-2a,roxxo,,,assh
20260001580,Runte,Roscoe,Riley,SHS,GRADE_12,stem-11a,azul,,,assh
20260001581,Hand,Emmalee,London,COLLEGE,YEAR_2,stem-12b,giallio,bsit,computer-studies,
20260001582,Herzog,Jamil,,COLLEGE,YEAR_1,stem-12b,roxxo,bsba,business-administration,
20260001583,Bartell,Giovanni,Jordan,COLLEGE,YEAR_1,stem-11a,azul,bsba,business-administration,
20260001584,Crist,Ethelyn,Arden,COLLEGE,YEAR_4,bscs-2a,azul,bsit,computer-studies,
20260001585,Sporer,Ransom,Cameron,COLLEGE,YEAR_4,stem-12b,cahel,bshm,hotel-management,
20260001586,Nikolaus-Konopelski,Jane,,SHS,GRADE_12,stem-11a,cahel,,,animation
20260001587,Emmerich,Josie,,COLLEGE,YEAR_3,bsit-2b,roxxo,bsit,computer-studies,
20260001588,Kling,Donavon,Ryan,SHS,GRADE_12,stem-11a,giallio,,,stem
20260001589,Okuneva,Ashley,Kendall,COLLEGE,YEAR_4,bscs-2a,vierrdy,bshm,hotel-management,
20260001590,Macejkovic,Monte,Reagan,COLLEGE,YEAR_1,stem-12b,azul,bsit,computer-studies,
20260001591,Nikolaus,Lennie,Quinn,COLLEGE,YEAR_3,bscs-2a,vierrdy,bscs,computer-studies,
20260001592,Koch,Lisette,,SHS,GRADE_11,stem-11a,azul,,,abm
20260001593,Monahan,Mariam,,COLLEGE,YEAR_4,stem-11a,roxxo,bshm,hotel-management,
20260001594,Abbott,Lysanne,Reagan,SHS,GRADE_11,stem-12b,cahel,,,stem
20260001595,Klocko,Donald,Billie,SHS,GRADE_12,stem-11a,cahel,,,programming
20260001596,MacGyver,Adolph,Nico,COLLEGE,YEAR_4,stem-12b,giallio,bsba,business-administration,
20260001597,Gottlieb,Pablo,,COLLEGE,YEAR_1,bsit-2b,cahel,bsit,computer-studies,
20260001598,Cremin,Alfonzo,Corey,SHS,GRADE_11,stem-11a,giallio,,,he
20260001599,Gutkowski,Adelle,,COLLEGE,YEAR_2,stem-11a,vierrdy,bsit,computer-studies,
20260001600,Rempel,Ivy,,COLLEGE,YEAR_2,stem-11a,cahel,bsit,computer-studies,
20260001601,Schaefer,Lafayette,,COLLEGE,YEAR_1,bscs-2a,vierrdy,bsba,business-administration,
20260001602,Carter,Zakary,Micah,COLLEGE,YEAR_1,stem-11a,giallio,bscs,computer-studies,
20260001603,Wilderman,Lazaro,Blake,SHS,GRADE_11,stem-11a,vierrdy,,,abm
20260001604,Witting,Uriel,,SHS,GRADE_12,stem-11a,roxxo,,,css
20260001605,Bechtelar,Hermann,Kendall,COLLEGE,YEAR_3,stem-11a,roxxo,bscs,computer-studies,
20260001606,Hauck,Ruthie,Harper,SHS,GRADE_11,bscs-2a,giallio,,,css
20260001607,Pfannerstill,Rosario,Avery,SHS,GRADE_11,stem-11a,giallio,,,he
20260001608,Brekke,Dedric,Emerson,COLLEGE,YEAR_4,bscs-2a,giallio,bscs,computer-studies,
20260001609,Dibbert,Dominic,Ryan,COLLEGE,YEAR_3,bscs-2a,roxxo,bshm,hotel-management,
20260001610,Hayes,Luther,Rowan,SHS,GRADE_12,bsit-2b,azul,,,assh
20260001611,Bins,Esteban,,SHS,GRADE_12,stem-11a,roxxo,,,programming
20260001612,Heller,Lucious,Corey,SHS,GRADE_11,stem-11a,azul,,,css
20260001613,Lemke,Kaycee,Cameron,COLLEGE,YEAR_4,bscs-2a,giallio,bsba,business-administration,
20260001614,O'Kon,Tyler,London,COLLEGE,YEAR_4,stem-11a,roxxo,bshm,hotel-management,
20260001615,Wiza,Colton,Parker,SHS,GRADE_11,bscs-2a,cahel,,,stem
20260001616,Ruecker,Khalil,Reese,COLLEGE,YEAR_3,bscs-2a,vierrdy,bsba,business-administration,
20260001617,Pfannerstill,Domenic,Cameron,COLLEGE,YEAR_2,bscs-2a,azul,bsba,business-administration,
20260001618,Kassulke,Iva,,SHS,GRADE_12,bscs-2a,vierrdy,,,he
20260001619,Waelchi,Ofelia,,SHS,GRADE_12,stem-11a,vierrdy,,,he
20260001620,Gleason,Burley,Greer,SHS,GRADE_12,stem-11a,azul,,,animation
20260001621,Stark,Bernadette,,SHS,GRADE_12,bsit-2b,roxxo,,,animation
20260001622,Flatley,Hayden,Charlie,SHS,GRADE_11,bscs-2a,azul,,,css
20260001623,Osinski,Kaci,August,SHS,GRADE_12,stem-12b,vierrdy,,,he
20260001624,Steuber,Raymundo,,COLLEGE,YEAR_3,stem-12b,cahel,bsit,computer-studies,
20260001625,Sawayn,Joy,London,SHS,GRADE_11,bscs-2a,giallio,,,programming
20260001626,Goyette,Thea,,SHS,GRADE_12,bscs-2a,azul,,,animation
20260001627,O'Keefe,Lisa,Anderson,COLLEGE,YEAR_1,stem-11a,cahel,bshm,hotel-management,
20260001628,Leannon,Guiseppe,,COLLEGE,YEAR_2,stem-11a,giallio,bsba,business-administration,
20260001629,Bruen,Raegan,,COLLEGE,YEAR_2,stem-11a,cahel,bsba,business-administration,
20260001630,Kemmer,Aditya,Anderson,COLLEGE,YEAR_3,stem-12b,giallio,bsit,computer-studies,
20260001631,Wolf,Ila,Austin,COLLEGE,YEAR_3,stem-12b,giallio,bscs,computer-studies,
20260001632,Kuhn,Ethyl,Taylor,SHS,GRADE_11,bsit-2b,roxxo,,,assh
20260001633,Yundt,Lelah,Ellis,SHS,GRADE_11,bscs-2a,cahel,,,css
20260001634,Wyman,Charity,Dakota,COLLEGE,YEAR_3,bsit-2b,vierrdy,bsit,computer-studies,
20260001635,Lockman,Sanford,Logan,COLLEGE,YEAR_1,stem-12b,giallio,bscs,computer-studies,
20260001636,Cole,Tillman,,SHS,GRADE_11,bsit-2b,azul,,,assh
20260001637,Kulas,Payton,Kyle,SHS,GRADE_12,bscs-2a,giallio,,,css
20260001638,Hoppe,Rosemarie,,SHS,GRADE_11,stem-11a,roxxo,,,programming
20260001639,Homenick,Judy,Cameron,COLLEGE,YEAR_1,stem-12b,azul,bsba,business-administration,
20260001640,Greenholt,Perry,Quinn,COLLEGE,YEAR_3,stem-12b,giallio,bscs,computer-studies,
20260001641,Kohler,Emmy,Phoenix,SHS,GRADE_11,stem-12b,azul,,,animation
20260001642,Greenholt,Jedediah,Austin,SHS,GRADE_11,bscs-2a,azul,,,assh
20260001643,Huel,Talia,Anderson,SHS,GRADE_11,stem-12b,roxxo,,,css
20260001644,Brakus,Reginald,,SHS,GRADE_12,stem-11a,azul,,,animation
20260001645,Dach,Aimee,,SHS,GRADE_12,stem-12b,vierrdy,,,he
20260001646,Hane-Hackett,Zetta,Skyler,SHS,GRADE_12,bscs-2a,azul,,,abm
20260001647,Feil,Annetta,Blake,COLLEGE,YEAR_3,bsit-2b,vierrdy,bscs,computer-studies,
20260001648,Goodwin,Erna,,COLLEGE,YEAR_4,stem-11a,cahel,bshm,hotel-management,
20260001649,Purdy,Gene,Avery,SHS,GRADE_11,bscs-2a,vierrdy,,,animation
20260001650,Schumm-Kulas,Gaston,Avery,SHS,GRADE_11,bsit-2b,vierrdy,,,abm
20260001651,Gulgowski-Witting,Esteban,Micah,COLLEGE,YEAR_4,stem-12b,cahel,bscs,computer-studies,
20260001652,Treutel,Thea,Alex,SHS,GRADE_11,bscs-2a,giallio,,,css
20260001653,Connelly,Adrain,Elliott,COLLEGE,YEAR_1,bsit-2b,vierrdy,bsba,business-administration,
20260001654,Davis,Mya,Jaden,COLLEGE,YEAR_4,bscs-2a,vierrdy,bscs,computer-studies,
20260001655,Grant,Tressa,,COLLEGE,YEAR_2,stem-11a,vierrdy,bshm,hotel-management,
20260001656,Schneider,Friedrich,,COLLEGE,YEAR_1,stem-11a,vierrdy,bsba,business-administration,
20260001657,Gislason,Rhianna,Kyle,COLLEGE,YEAR_4,bscs-2a,vierrdy,bsba,business-administration,
20260001658,McDermott,Dan,Bailey,COLLEGE,YEAR_3,stem-11a,giallio,bshm,hotel-management,
20260001659,Powlowski,Alexandro,Anderson,SHS,GRADE_12,stem-12b,azul,,,programming
20260001660,Hane,Tiara,Alex,COLLEGE,YEAR_3,bsit-2b,roxxo,bsba,business-administration,
20260001661,Macejkovic,Cortez,Quinn,SHS,GRADE_11,stem-12b,cahel,,,stem
20260001662,Stark,Maria,Greer,COLLEGE,YEAR_1,bsit-2b,roxxo,bshm,hotel-management,
20260001663,Pfannerstill,Garnett,Blake,COLLEGE,YEAR_3,stem-11a,giallio,bsit,computer-studies,
20260001664,Rice-Moore,Laila,Finley,SHS,GRADE_11,bsit-2b,azul,,,he
20260001665,Ledner,Brenda,Emerson,SHS,GRADE_11,bsit-2b,cahel,,,stem
20260001666,Goyette,Laney,Billie,COLLEGE,YEAR_1,stem-12b,giallio,bshm,hotel-management,
20260001667,Wyman,Salvador,,COLLEGE,YEAR_4,bscs-2a,vierrdy,bsba,business-administration,
20260001668,Sanford,Serenity,,SHS,GRADE_11,stem-11a,vierrdy,,,abm
20260001669,Parker,Adele,Quinn,SHS,GRADE_11,bscs-2a,giallio,,,stem
20260001670,Pouros,Marcia,Ryan,SHS,GRADE_12,bscs-2a,roxxo,,,animation
20260001671,Wuckert,Mohamed,Sage,COLLEGE,YEAR_2,bscs-2a,azul,bsit,computer-studies,
20260001672,Bernier,Damian,Sage,SHS,GRADE_11,stem-11a,roxxo,,,programming
20260001673,Conn,Matteo,,COLLEGE,YEAR_1,stem-12b,cahel,bsit,computer-studies,
20260001674,Halvorson,Miguel,,COLLEGE,YEAR_4,stem-11a,giallio,bshm,hotel-management,
20260001675,Tremblay,Leo,Shawn,SHS,GRADE_12,stem-11a,giallio,,,programming
20260001676,Kihn-Hickle,Edna,Avery,SHS,GRADE_11,stem-11a,vierrdy,,,he
20260001677,Mueller,Rosemarie,Riley,SHS,GRADE_11,stem-11a,azul,,,abm
20260001678,Witting,Millie,Kendall,SHS,GRADE_11,stem-12b,cahel,,,stem
20260001679,Greenfelder,Ralph,Emerson,COLLEGE,YEAR_4,bsit-2b,vierrdy,bsba,business-administration,
20260001680,Russel,Randal,,SHS,GRADE_11,stem-11a,vierrdy,,,stem
20260001681,Pollich-Wintheiser,Wilber,,COLLEGE,YEAR_1,stem-11a,cahel,bshm,hotel-management,
20260001682,Gibson,Ismael,Logan,SHS,GRADE_11,bscs-2a,azul,,,programming
20260001683,Schoen,Abdul,Alex,SHS,GRADE_11,stem-12b,giallio,,,abm
20260001684,Kerluke,Shanna,,COLLEGE,YEAR_4,bsit-2b,giallio,bscs,computer-studies,
20260001685,Goldner,Scottie,,SHS,GRADE_12,bsit-2b,cahel,,,animation
20260001686,Armstrong,Raoul,,SHS,GRADE_12,stem-11a,giallio,,,programming
20260001687,Wunsch-Schulist,Juwan,Jaden,COLLEGE,YEAR_3,bscs-2a,azul,bscs,computer-studies,
20260001688,Jacobs,Deonte,Addison,SHS,GRADE_11,stem-12b,giallio,,,he
20260001689,Bosco,Jovan,,COLLEGE,YEAR_3,stem-12b,azul,bsit,computer-studies,
20260001690,Parker,Nellie,Billie,SHS,GRADE_11,bsit-2b,cahel,,,he
20260001691,Murray,Shemar,,COLLEGE,YEAR_1,stem-11a,roxxo,bsit,computer-studies,
20260001692,Powlowski,Tamara,,SHS,GRADE_11,bscs-2a,vierrdy,,,he
20260001693,Nader,Guiseppe,Reign,SHS,GRADE_11,stem-12b,giallio,,,animation
20260001694,Leannon,Christ,Alex,COLLEGE,YEAR_3,bsit-2b,roxxo,bsit,computer-studies,
20260001695,Rutherford,Jacynthe,Sage,COLLEGE,YEAR_4,stem-12b,cahel,bshm,hotel-management,
20260001696,Gerhold,Janice,Bailey,SHS,GRADE_11,stem-12b,vierrdy,,,stem
20260001697,Green-Bradtke,Marlene,Greer,COLLEGE,YEAR_3,bscs-2a,roxxo,bshm,hotel-management,
20260001698,Morissette,Phoebe,Taylor,COLLEGE,YEAR_4,bsit-2b,cahel,bshm,hotel-management,
20260001699,Purdy,Stacy,,SHS,GRADE_11,stem-11a,roxxo,,,animation
20260001700,Terry-Spinka,Alexandro,James,COLLEGE,YEAR_4,bsit-2b,vierrdy,bsba,business-administration,
20260001701,Rice,Elizabeth,James,SHS,GRADE_12,stem-12b,cahel,,,programming
20260001702,Hoeger,Levi,,COLLEGE,YEAR_3,stem-11a,vierrdy,bscs,computer-studies,
20260001703,Schimmel,Taurean,Nico,COLLEGE,YEAR_3,stem-12b,giallio,bshm,hotel-management,
20260001704,Watsica,Vern,Skyler,COLLEGE,YEAR_4,bsit-2b,cahel,bsba,business-administration,
20260001705,Schaefer,Jailyn,Kendall,SHS,GRADE_11,bscs-2a,giallio,,,css
20260001706,Breitenberg,Carleton,Sawyer,COLLEGE,YEAR_4,bscs-2a,giallio,bshm,hotel-management,
20260001707,Prohaska,Jayda,,COLLEGE,YEAR_4,stem-11a,vierrdy,bsit,computer-studies,
20260001708,Monahan,Tristin,,COLLEGE,YEAR_2,bscs-2a,cahel,bscs,computer-studies,
20260001709,Wuckert,Suzanne,Kennedy,SHS,GRADE_12,bsit-2b,azul,,,he
20260001710,Smitham,Pablo,Charlie,COLLEGE,YEAR_2,stem-11a,azul,bshm,hotel-management,
20260001711,Rolfson,Rhett,,COLLEGE,YEAR_2,stem-12b,giallio,bsit,computer-studies,
20260001712,Morissette,Jamie,Sasha,COLLEGE,YEAR_1,stem-12b,cahel,bshm,hotel-management,
20260001713,Ruecker,Nicklaus,Emerson,COLLEGE,YEAR_2,stem-12b,cahel,bsba,business-administration,
20260001714,Stracke,Elvera,,SHS,GRADE_11,stem-11a,giallio,,,animation
20260001715,Feest,Ottis,,SHS,GRADE_12,stem-12b,giallio,,,programming
20260001716,Ebert,Julie,,SHS,GRADE_11,bsit-2b,cahel,,,css
20260001717,Ziemann,Laurence,Sage,COLLEGE,YEAR_1,bscs-2a,roxxo,bsit,computer-studies,
20260001718,Effertz,Geo,Rory,COLLEGE,YEAR_2,stem-12b,vierrdy,bshm,hotel-management,
20260001719,Bosco,Nicholaus,Kennedy,COLLEGE,YEAR_3,stem-12b,giallio,bscs,computer-studies,
20260001720,Yundt,Jay,Kyle,COLLEGE,YEAR_2,bsit-2b,giallio,bsit,computer-studies,
20260001721,Daniel,Nathanial,Kennedy,SHS,GRADE_11,bscs-2a,azul,,,abm
20260001722,Skiles,Mackenzie,,COLLEGE,YEAR_3,stem-12b,vierrdy,bsit,computer-studies,
20260001723,Padberg,Marley,Avery,COLLEGE,YEAR_2,stem-12b,roxxo,bsba,business-administration,
20260001724,Stracke,Nash,,COLLEGE,YEAR_2,bscs-2a,roxxo,bshm,hotel-management,
20260001725,Durgan,Vivianne,Gray,COLLEGE,YEAR_2,stem-12b,vierrdy,bshm,hotel-management,
20260001726,Hoppe,Dahlia,Noah,SHS,GRADE_11,bsit-2b,giallio,,,css
20260001727,Wyman,Ibrahim,,COLLEGE,YEAR_3,stem-12b,giallio,bsit,computer-studies,
20260001728,Smitham,Ramon,Elliott,SHS,GRADE_11,bsit-2b,cahel,,,css
20260001729,Ruecker,Kaylee,Arden,COLLEGE,YEAR_1,bsit-2b,roxxo,bsit,computer-studies,
20260001730,Will,Adrien,Kendall,COLLEGE,YEAR_4,stem-11a,cahel,bsba,business-administration,
20260001731,Huels,Neha,Ryan,COLLEGE,YEAR_1,stem-12b,vierrdy,bshm,hotel-management,
20260001732,Roob,Nettie,Cameron,COLLEGE,YEAR_1,stem-11a,giallio,bsba,business-administration,
20260001733,Stroman,Talia,Avery,SHS,GRADE_11,stem-11a,roxxo,,,abm
20260001734,Mohr,Logan,Taylor,SHS,GRADE_12,stem-12b,vierrdy,,,animation
20260001735,Kertzmann,Garett,,COLLEGE,YEAR_3,stem-12b,vierrdy,bsba,business-administration,
20260001736,Kling,Garrett,Kai,COLLEGE,YEAR_4,stem-11a,azul,bscs,computer-studies,
20260001737,Fahey,Roscoe,Anderson,SHS,GRADE_12,stem-11a,azul,,,css
20260001738,Thompson,Candido,Austin,SHS,GRADE_11,stem-11a,roxxo,,,assh
20260001739,Lebsack,Shanna,Reagan,SHS,GRADE_12,stem-12b,giallio,,,animation
20260001740,Veum,Kaylee,Emerson,SHS,GRADE_11,stem-11a,vierrdy,,,programming
20260001741,Muller,Troy,Drew,SHS,GRADE_12,bsit-2b,cahel,,,abm
20260001742,Lemke,Lou,Hayden,COLLEGE,YEAR_3,bsit-2b,giallio,bshm,hotel-management,
20260001743,Kozey,Lemuel,Austin,COLLEGE,YEAR_3,bscs-2a,azul,bsba,business-administration,
20260001744,Stehr,Trent,Kennedy,COLLEGE,YEAR_1,stem-12b,roxxo,bsba,business-administration,
20260001745,Feil,Patrick,Brooklyn,COLLEGE,YEAR_2,stem-12b,giallio,bscs,computer-studies,
20260001746,Weissnat,Judson,,COLLEGE,YEAR_4,stem-12b,giallio,bshm,hotel-management,
20260001747,Daniel,Percival,Kyle,COLLEGE,YEAR_3,bsit-2b,vierrdy,bshm,hotel-management,
20260001748,Davis,Aliyah,Bailey,COLLEGE,YEAR_2,stem-12b,vierrdy,bsba,business-administration,
20260001749,Keebler,Kailey,Sage,SHS,GRADE_11,stem-11a,cahel,,,stem
20260001750,Raynor,Reina,,COLLEGE,YEAR_2,stem-12b,azul,bshm,hotel-management,
20260001751,Spinka,Ashly,,COLLEGE,YEAR_4,bscs-2a,vierrdy,bsba,business-administration,
20260001752,Cartwright,Jaylin,Micah,COLLEGE,YEAR_4,bscs-2a,vierrdy,bscs,computer-studies,
20260001753,Jones,Karl,Riley,SHS,GRADE_11,bscs-2a,vierrdy,,,assh
20260001754,Windler,Darien,,COLLEGE,YEAR_4,stem-11a,vierrdy,bsit,computer-studies,
20260001755,Waters,Albertha,Reign,COLLEGE,YEAR_3,bscs-2a,cahel,bscs,computer-studies,
20260001756,Leannon,Nolan,Taylor,COLLEGE,YEAR_2,stem-12b,azul,bsba,business-administration,
20260001757,Feest,Jayne,Charlie,SHS,GRADE_12,stem-11a,cahel,,,abm
20260001758,Kohler,Kiana,Parker,COLLEGE,YEAR_1,bsit-2b,giallio,bsba,business-administration,
20260001759,Mueller,Onie,Cameron,SHS,GRADE_11,stem-12b,azul,,,abm
20260001760,Steuber,Talon,Avery,COLLEGE,YEAR_1,stem-11a,vierrdy,bsit,computer-studies,
20260001761,Koepp,Ludwig,Arden,SHS,GRADE_11,bscs-2a,cahel,,,he
20260001762,Dicki,Theresa,Rowan,COLLEGE,YEAR_1,stem-12b,roxxo,bscs,computer-studies,
20260001763,Abernathy,Estella,Bowie,COLLEGE,YEAR_2,stem-11a,azul,bsba,business-administration,
20260001764,Trantow,Jennyfer,,SHS,GRADE_12,stem-11a,azul,,,abm
20260001765,Ruecker,Raphael,,COLLEGE,YEAR_4,bsit-2b,roxxo,bsba,business-administration,
20260001766,Corkery,Catharine,Jamie,COLLEGE,YEAR_1,bsit-2b,cahel,bscs,computer-studies,
20260001767,Kilback-Botsford,Kale,Kennedy,COLLEGE,YEAR_3,stem-11a,giallio,bsba,business-administration,
20260001768,Block,Jordon,Drew,COLLEGE,YEAR_4,stem-12b,roxxo,bsit,computer-studies,
20260001769,Funk,Roxanne,Parker,COLLEGE,YEAR_2,bscs-2a,vierrdy,bsit,computer-studies,
20260001770,Beatty,Selena,,SHS,GRADE_11,stem-12b,cahel,,,animation
20260001771,Keebler,Maryam,Bowie,COLLEGE,YEAR_2,stem-11a,roxxo,bshm,hotel-management,
20260001772,Stoltenberg,Lonnie,Billie,SHS,GRADE_12,bsit-2b,cahel,,,css
20260001773,Stroman,Dawn,London,SHS,GRADE_11,bsit-2b,giallio,,,assh
20260001774,Romaguera,Augustus,,COLLEGE,YEAR_1,bscs-2a,cahel,bshm,hotel-management,
20260001775,Blick,Kamryn,Drew,COLLEGE,YEAR_4,bscs-2a,roxxo,bsba,business-administration,
20260001776,Franey,Alana,Corey,COLLEGE,YEAR_1,stem-11a,azul,bsit,computer-studies,
20260001777,O'Hara,Harvey,London,SHS,GRADE_12,bscs-2a,cahel,,,programming
20260001778,Metz,Rogers,North,SHS,GRADE_12,stem-12b,azul,,,he
20260001779,Hickle,Alfreda,,SHS,GRADE_12,stem-11a,giallio,,,assh
20260001780,Jerde,Beaulah,Austin,COLLEGE,YEAR_2,bsit-2b,giallio,bshm,hotel-management,
20260001781,Moen,Preston,James,COLLEGE,YEAR_1,bscs-2a,giallio,bshm,hotel-management,
20260001782,Franecki,Mozell,Reign,COLLEGE,YEAR_1,stem-11a,vierrdy,bshm,hotel-management,
20260001783,Ullrich,Jaren,Finley,COLLEGE,YEAR_1,stem-11a,giallio,bsba,business-administration,
20260001784,Kuvalis,Georgianna,Billie,SHS,GRADE_11,bsit-2b,giallio,,,he
20260001785,Watsica,Favian,Reese,COLLEGE,YEAR_4,bscs-2a,roxxo,bscs,computer-studies,
20260001786,Konopelski,Darwin,Drew,COLLEGE,YEAR_1,bscs-2a,azul,bsit,computer-studies,
20260001787,White,Chasity,Greer,SHS,GRADE_12,bsit-2b,cahel,,,abm
20260001788,Renner-Abshire,Khalid,,SHS,GRADE_11,stem-11a,cahel,,,animation
20260001789,Murray,Devin,Noah,COLLEGE,YEAR_3,stem-12b,azul,bsit,computer-studies,
20260001790,Dickinson,Rhoda,Corey,SHS,GRADE_12,stem-12b,roxxo,,,stem
20260001791,Klocko,Russel,Shawn,COLLEGE,YEAR_4,stem-12b,roxxo,bsit,computer-studies,
20260001792,Borer,Leda,Cameron,SHS,GRADE_11,stem-12b,giallio,,,css
20260001793,Morar,Beth,Leslie,SHS,GRADE_11,bsit-2b,vierrdy,,,programming
20260001794,Kunde,Reinhold,,COLLEGE,YEAR_1,stem-11a,giallio,bscs,computer-studies,
20260001795,Kunde-VonRueden,Camron,Reign,COLLEGE,YEAR_4,stem-11a,roxxo,bscs,computer-studies,
20260001796,Yost,Arturo,,COLLEGE,YEAR_4,bsit-2b,vierrdy,bscs,computer-studies,
20260001797,Johnston,Garret,Dakota,COLLEGE,YEAR_2,bsit-2b,azul,bshm,hotel-management,
20260001798,Grimes,Rose,,SHS,GRADE_12,stem-11a,azul,,,abm
20260001799,Kihn,Emmie,,SHS,GRADE_11,stem-12b,vierrdy,,,animation
20260001800,Pouros,Lowell,Ellis,COLLEGE,YEAR_2,stem-11a,giallio,bsba,business-administration,
20260001801,Gerhold,Freddy,,SHS,GRADE_11,bsit-2b,giallio,,,programming
20260001802,Stanton,Wellington,Blake,COLLEGE,YEAR_4,bscs-2a,vierrdy,bsit,computer-studies,
20260001803,Paucek,Willa,,COLLEGE,YEAR_2,bsit-2b,vierrdy,bsba,business-administration,
20260001804,Bosco,Adrienne,Greer,SHS,GRADE_11,stem-12b,giallio,,,css
20260001805,Mante,Hilton,Reese,COLLEGE,YEAR_4,stem-11a,vierrdy,bshm,hotel-management,
20260001806,Corwin,Lelia,Angel,SHS,GRADE_11,bscs-2a,roxxo,,,he
20260001807,Wiegand,Lilian,Reese,COLLEGE,YEAR_2,stem-12b,vierrdy,bsit,computer-studies,
20260001808,Terry,Lottie,,COLLEGE,YEAR_3,stem-12b,azul,bsit,computer-studies,
20260001809,Stracke,Garth,,SHS,GRADE_11,stem-11a,roxxo,,,programming
20260001810,Lubowitz,Kristin,,SHS,GRADE_12,stem-12b,cahel,,,programming
20260001811,Yost,Darlene,Bailey,COLLEGE,YEAR_1,stem-12b,giallio,bsba,business-administration,
20260001812,Ondricka,Jaron,Dakota,COLLEGE,YEAR_4,stem-11a,roxxo,bsit,computer-studies,
20260001813,Denesik,Anibal,Rowan,COLLEGE,YEAR_2,bsit-2b,azul,bshm,hotel-management,
20260001814,Stoltenberg,Megane,,SHS,GRADE_12,bsit-2b,giallio,,,abm
20260001815,Bartell,Lon,Ellis,SHS,GRADE_11,bscs-2a,roxxo,,,assh
20260001816,Boehm,Belle,Jaden,COLLEGE,YEAR_3,bsit-2b,roxxo,bshm,hotel-management,
20260001817,Fay,Alexis,Parker,SHS,GRADE_11,stem-12b,giallio,,,animation
20260001818,Sawayn,Ian,Jamie,SHS,GRADE_11,stem-12b,azul,,,programming
20260001819,Altenwerth,Delbert,,SHS,GRADE_12,stem-11a,azul,,,css
20260001820,Leannon,Paris,,COLLEGE,YEAR_2,bsit-2b,azul,bshm,hotel-management,
20260001821,Bashirian,Tyra,Jules,SHS,GRADE_11,stem-12b,cahel,,,stem
20260001822,Boyer,Deon,Brooklyn,COLLEGE,YEAR_3,bsit-2b,vierrdy,bscs,computer-studies,
20260001823,Nicolas-Koelpin,Arden,,SHS,GRADE_11,stem-12b,azul,,,abm
20260001824,Reynolds,Reagan,Corey,SHS,GRADE_11,stem-11a,cahel,,,animation
20260001825,Zemlak,Skylar,,COLLEGE,YEAR_4,bscs-2a,vierrdy,bshm,hotel-management,
20260001826,Tromp,Dedric,Rowan,COLLEGE,YEAR_2,bsit-2b,vierrdy,bsit,computer-studies,
20260001827,Brown,Vicente,Ellis,SHS,GRADE_12,stem-12b,azul,,,programming
20260001828,West-Powlowski,Otho,Cameron,SHS,GRADE_12,stem-11a,cahel,,,assh
20260001829,Haag,Laury,,COLLEGE,YEAR_3,bscs-2a,cahel,bscs,computer-studies,
20260001830,Krajcik,Selmer,,SHS,GRADE_12,stem-12b,cahel,,,programming
20260001831,Hartmann,Coralie,,COLLEGE,YEAR_3,stem-11a,vierrdy,bscs,computer-studies,
20260001832,Ratke,Laurianne,Elliott,SHS,GRADE_12,stem-12b,giallio,,,stem
20260001833,Abshire,Andreanne,Riley,SHS,GRADE_12,stem-11a,roxxo,,,css
20260001834,Bernhard,Eldridge,Parker,SHS,GRADE_12,bscs-2a,vierrdy,,,animation
20260001835,Weissnat,Joan,Ellis,SHS,GRADE_12,stem-12b,vierrdy,,,abm
20260001836,Beahan,Annamae,Leslie,SHS,GRADE_12,bscs-2a,vierrdy,,,css
20260001837,Swaniawski,Katlynn,,COLLEGE,YEAR_3,bsit-2b,cahel,bsit,computer-studies,
20260001838,Schmitt,Chasity,Jules,COLLEGE,YEAR_4,bscs-2a,roxxo,bshm,hotel-management,
20260001839,Crooks,Alta,Shawn,COLLEGE,YEAR_4,bscs-2a,cahel,bsit,computer-studies,
20260001840,Ruecker,Sterling,,SHS,GRADE_11,bscs-2a,roxxo,,,abm
20260001841,Hane,Mohamed,Austin,COLLEGE,YEAR_4,bscs-2a,giallio,bshm,hotel-management,
20260001842,Schaden,Paolo,,SHS,GRADE_12,stem-11a,azul,,,abm
20260001843,Kling,Vena,Kai,SHS,GRADE_11,stem-12b,roxxo,,,assh
20260001844,Hahn,Myron,Riley,SHS,GRADE_11,stem-11a,roxxo,,,assh
20260001845,Kozey,Joy,Quinn,SHS,GRADE_12,stem-11a,giallio,,,css
20260001846,Langworth,Carrie,Hayden,SHS,GRADE_12,bsit-2b,giallio,,,programming
20260001847,Conn,Jakayla,Anderson,SHS,GRADE_12,stem-12b,cahel,,,he
20260001848,McKenzie,Fermin,Micah,COLLEGE,YEAR_1,bsit-2b,azul,bsba,business-administration,
20260001849,Legros,Emmanuelle,Angel,COLLEGE,YEAR_1,bsit-2b,roxxo,bsit,computer-studies,
20260001850,Rolfson-Balistreri,Jayne,,SHS,GRADE_11,stem-12b,azul,,,stem
20260001851,Feil,Tomasa,,COLLEGE,YEAR_2,stem-12b,vierrdy,bsit,computer-studies,
20260001852,Balistreri,Sophie,Austin,SHS,GRADE_11,stem-11a,roxxo,,,assh
20260001853,Schroeder,Keara,Bailey,SHS,GRADE_11,bsit-2b,azul,,,programming
20260001854,Conroy,Maribel,,COLLEGE,YEAR_3,bsit-2b,roxxo,bsba,business-administration,
20260001855,Hartmann,Trisha,,SHS,GRADE_11,bscs-2a,vierrdy,,,abm
20260001856,Quitzon,Carlotta,,COLLEGE,YEAR_4,bsit-2b,cahel,bscs,computer-studies,
20260001857,Green-Casper,Davon,Harper,SHS,GRADE_12,bsit-2b,vierrdy,,,he
20260001858,Lowe,Juston,Quinn,SHS,GRADE_12,stem-11a,cahel,,,assh
20260001859,Little-Cole,Chyna,,COLLEGE,YEAR_2,bsit-2b,azul,bscs,computer-studies,
20260001860,Orn,Michale,Ellis,COLLEGE,YEAR_3,stem-11a,giallio,bsit,computer-studies,
20260001861,Murazik-Lind,Marjolaine,River,COLLEGE,YEAR_1,bscs-2a,cahel,bsba,business-administration,
20260001862,Daniel-Macejkovic,Timothy,Avery,SHS,GRADE_11,stem-11a,roxxo,,,stem
20260001863,Ullrich,Stewart,,COLLEGE,YEAR_2,bscs-2a,roxxo,bscs,computer-studies,
20260001864,Reichert,Katharina,Harper,COLLEGE,YEAR_4,stem-12b,roxxo,bsba,business-administration,
20260001865,Gleichner-Gutmann,Vincent,Alex,SHS,GRADE_11,bscs-2a,giallio,,,programming
20260001866,Dach,Lolita,,COLLEGE,YEAR_2,stem-11a,cahel,bshm,hotel-management,
20260001867,Hintz,Courtney,,COLLEGE,YEAR_3,bscs-2a,azul,bshm,hotel-management,
20260001868,Mitchell,Mya,Parker,COLLEGE,YEAR_2,stem-11a,vierrdy,bsba,business-administration,
20260001869,Sawayn,Nikita,,SHS,GRADE_11,bscs-2a,giallio,,,programming
20260001870,Larson,Nash,Avery,SHS,GRADE_12,stem-11a,giallio,,,programming
20260001871,Boyle,Carroll,Dakota,SHS,GRADE_12,stem-12b,azul,,,assh
20260001872,Auer,Lynn,Dakota,COLLEGE,YEAR_1,stem-12b,giallio,bsit,computer-studies,
20260001873,Gerhold,Dalton,Hayden,SHS,GRADE_11,stem-11a,azul,,,stem
20260001874,Jacobson,Maximilian,Angel,COLLEGE,YEAR_2,bscs-2a,cahel,bscs,computer-studies,
20260001875,Prohaska,Davin,Addison,COLLEGE,YEAR_4,stem-11a,cahel,bscs,computer-studies,
20260001876,Hoppe,Laurie,,COLLEGE,YEAR_2,bscs-2a,azul,bscs,computer-studies,
20260001877,Dach-Upton,Flavie,Harper,COLLEGE,YEAR_4,stem-12b,azul,bscs,computer-studies,
20260001878,Legros,Sanford,Sawyer,SHS,GRADE_12,stem-11a,giallio,,,assh
20260001879,Murray,Laila,,SHS,GRADE_11,bscs-2a,vierrdy,,,abm
20260001880,Bartoletti,Annabell,Charlie,SHS,GRADE_12,stem-12b,azul,,,stem
20260001881,D'Amore,Merlin,Shawn,COLLEGE,YEAR_1,stem-11a,azul,bsba,business-administration,
20260001882,Hilll-Brakus,Alexis,Kai,COLLEGE,YEAR_2,bscs-2a,azul,bsba,business-administration,
20260001883,Wisozk,Kirk,Logan,COLLEGE,YEAR_1,bsit-2b,azul,bsit,computer-studies,
20260001884,Quigley,Jeramy,Sasha,SHS,GRADE_11,stem-12b,cahel,,,he
20260001885,Hand,Beryl,Avery,COLLEGE,YEAR_4,stem-12b,vierrdy,bsba,business-administration,
20260001886,Ziemann,Retta,Skyler,COLLEGE,YEAR_2,bsit-2b,cahel,bshm,hotel-management,
20260001887,Metz,Antonette,Reagan,SHS,GRADE_12,bscs-2a,vierrdy,,,animation
20260001888,Predovic,Burnice,Brooklyn,SHS,GRADE_12,bscs-2a,roxxo,,,assh
20260001889,Torphy,Dillon,Greer,SHS,GRADE_12,bsit-2b,roxxo,,,stem
20260001890,Muller,Winnifred,Arden,SHS,GRADE_12,bsit-2b,giallio,,,abm
20260001891,Gleason,Kaleb,Quinn,SHS,GRADE_12,stem-11a,vierrdy,,,abm
20260001892,Little,Morgan,Austin,COLLEGE,YEAR_4,stem-12b,roxxo,bsba,business-administration,
20260001893,Skiles-Lind,Lacey,,SHS,GRADE_11,stem-12b,azul,,,he
20260001894,Bailey,Maryse,,SHS,GRADE_12,stem-11a,vierrdy,,,assh
20260001895,Thiel,Braeden,Gray,SHS,GRADE_12,bscs-2a,roxxo,,,css
20260001896,Becker,Cicero,,COLLEGE,YEAR_4,stem-12b,vierrdy,bsit,computer-studies,
20260001897,Welch,Antwon,Reese,SHS,GRADE_11,bscs-2a,giallio,,,abm
20260001898,Bernier,Treva,Micah,SHS,GRADE_12,bscs-2a,vierrdy,,,animation
20260001899,Walker,Bridie,London,COLLEGE,YEAR_2,bsit-2b,cahel,bsba,business-administration,
20260001900,Marquardt,Ella,Parker,SHS,GRADE_11,bsit-2b,giallio,,,he
20260001901,Pfeffer,Annalise,Blake,COLLEGE,YEAR_2,stem-12b,roxxo,bsba,business-administration,
20260001902,Runte,Cleo,Taylor,COLLEGE,YEAR_2,stem-11a,azul,bshm,hotel-management,
20260001903,Mann,Aditya,,COLLEGE,YEAR_3,bsit-2b,cahel,bshm,hotel-management,
20260001904,Nikolaus,Marilyne,James,SHS,GRADE_12,bscs-2a,vierrdy,,,programming
20260001905,Lehner,Joe,Parker,COLLEGE,YEAR_4,bsit-2b,giallio,bscs,computer-studies,
20260001906,Abernathy,Arvilla,,COLLEGE,YEAR_1,stem-12b,vierrdy,bscs,computer-studies,
20260001907,Schumm,Guiseppe,Noah,COLLEGE,YEAR_4,stem-12b,vierrdy,bscs,computer-studies,
20260001908,Johnston,Tanner,,COLLEGE,YEAR_4,bscs-2a,roxxo,bsit,computer-studies,
20260001909,Corkery,Norbert,Reagan,SHS,GRADE_11,bscs-2a,cahel,,,stem
20260001910,Rath,Linwood,Dakota,SHS,GRADE_12,stem-11a,roxxo,,,stem
20260001911,Emmerich,Cecile,Taylor,COLLEGE,YEAR_3,bscs-2a,roxxo,bsba,business-administration,
20260001912,Marks,Ivah,,COLLEGE,YEAR_4,bscs-2a,cahel,bscs,computer-studies,
20260001913,Fahey,Vaughn,,COLLEGE,YEAR_2,bscs-2a,azul,bsit,computer-studies,
20260001914,Torphy,Victoria,Sawyer,COLLEGE,YEAR_2,stem-11a,azul,bsit,computer-studies,
20260001915,Koelpin,Liliane,Greer,COLLEGE,YEAR_3,bsit-2b,azul,bsit,computer-studies,
20260001916,Erdman,Giovanny,Corey,SHS,GRADE_12,stem-11a,roxxo,,,programming
20260001917,Ankunding,Jailyn,,SHS,GRADE_12,stem-11a,vierrdy,,,assh
20260001918,Goodwin,Delaney,,SHS,GRADE_11,bscs-2a,giallio,,,stem
20260001919,Anderson,Romaine,,COLLEGE,YEAR_1,bscs-2a,giallio,bscs,computer-studies,
20260001920,Okuneva,Brenda,,SHS,GRADE_11,bscs-2a,vierrdy,,,abm
20260001921,Cartwright,Cooper,Drew,SHS,GRADE_11,stem-12b,azul,,,css
20260001922,Welch,Max,,SHS,GRADE_12,stem-12b,cahel,,,stem
20260001923,Wolf,Delphia,Jules,COLLEGE,YEAR_1,bscs-2a,roxxo,bsit,computer-studies,
20260001924,Herman,Lionel,,COLLEGE,YEAR_1,stem-11a,azul,bsba,business-administration,
20260001925,Witting,Green,Ryan,COLLEGE,YEAR_1,bsit-2b,vierrdy,bscs,computer-studies,
20260001926,Swaniawski,Trent,Addison,SHS,GRADE_11,bscs-2a,giallio,,,animation
20260001927,Dicki,Reilly,Parker,SHS,GRADE_12,bsit-2b,giallio,,,programming
20260001928,Rath,Jaden,Shiloh,COLLEGE,YEAR_2,bsit-2b,vierrdy,bsit,computer-studies,
20260001929,Lueilwitz,Clint,Nico,SHS,GRADE_11,bscs-2a,giallio,,,assh
20260001930,O'Conner,Remington,Angel,SHS,GRADE_12,bscs-2a,cahel,,,css
20260001931,Nader,Cindy,Leslie,COLLEGE,YEAR_4,bsit-2b,azul,bsba,business-administration,
20260001932,Kiehn,Deonte,Blake,COLLEGE,YEAR_3,stem-12b,roxxo,bshm,hotel-management,
20260001933,Reichel,Kip,,COLLEGE,YEAR_4,stem-12b,azul,bsit,computer-studies,
20260001934,Rau,Alberta,,SHS,GRADE_11,bsit-2b,azul,,,he
20260001935,Lakin,Millie,Reign,SHS,GRADE_12,stem-11a,giallio,,,animation
20260001936,Mante,Rudolph,Jordan,COLLEGE,YEAR_3,stem-11a,giallio,bshm,hotel-management,
20260001937,Morar,Herminio,August,COLLEGE,YEAR_4,stem-12b,azul,bscs,computer-studies,
20260001938,Parker,Elisa,Charlie,COLLEGE,YEAR_3,stem-11a,giallio,bscs,computer-studies,
20260001939,Stanton,Leann,London,SHS,GRADE_12,bsit-2b,azul,,,he
20260001940,Gutkowski,Leif,Kyle,COLLEGE,YEAR_3,stem-12b,cahel,bscs,computer-studies,
20260001941,Johnston,Douglas,Blake,SHS,GRADE_12,stem-12b,azul,,,animation
20260001942,Schmidt,Marcelino,Marlowe,COLLEGE,YEAR_1,bscs-2a,vierrdy,bsba,business-administration,
20260001943,Dietrich,Britney,Greer,COLLEGE,YEAR_1,stem-12b,roxxo,bshm,hotel-management,
20260001944,Fadel,Eulah,Marlowe,COLLEGE,YEAR_2,stem-12b,vierrdy,bsba,business-administration,
20260001945,Schumm,Princess,,SHS,GRADE_11,bscs-2a,vierrdy,,,programming
20260001946,Donnelly,Cary,Blake,COLLEGE,YEAR_4,stem-11a,giallio,bshm,hotel-management,
20260001947,Becker,Antonina,Kennedy,SHS,GRADE_12,stem-11a,vierrdy,,,he
20260001948,Corwin,Darron,Sawyer,COLLEGE,YEAR_1,stem-12b,vierrdy,bscs,computer-studies,
20260001949,Stokes,Sophia,Corey,SHS,GRADE_11,bscs-2a,roxxo,,,stem
20260001950,Runte,Shaylee,Riley,COLLEGE,YEAR_3,stem-11a,giallio,bsba,business-administration,
20260001951,Champlin,Vena,,SHS,GRADE_11,bsit-2b,vierrdy,,,abm
20260001952,Smith,Ignacio,Corey,SHS,GRADE_11,stem-12b,azul,,,animation
20260001953,Bosco,Magali,Riley,COLLEGE,YEAR_3,bscs-2a,vierrdy,bsit,computer-studies,
20260001954,Tromp,Eleazar,Bowie,COLLEGE,YEAR_3,stem-11a,azul,bsba,business-administration,
20260001955,Olson,Garland,,COLLEGE,YEAR_3,stem-11a,vierrdy,bsba,business-administration,
20260001956,Spinka,Dedric,Cameron,SHS,GRADE_11,bscs-2a,roxxo,,,animation
20260001957,Braun,Juwan,,SHS,GRADE_11,bscs-2a,cahel,,,abm
20260001958,Carter,Calista,,COLLEGE,YEAR_2,stem-12b,giallio,bshm,hotel-management,
20260001959,Volkman,Liam,Emerson,SHS,GRADE_12,stem-12b,cahel,,,programming
20260001960,Davis,Dominic,Shawn,COLLEGE,YEAR_1,bsit-2b,roxxo,bscs,computer-studies,
20260001961,Zemlak,Sarina,Elliott,COLLEGE,YEAR_2,stem-11a,vierrdy,bsba,business-administration,
20260001962,Dicki,Berniece,Kai,SHS,GRADE_12,stem-11a,roxxo,,,programming
20260001963,Olson,Consuelo,Kennedy,SHS,GRADE_12,stem-11a,vierrdy,,,animation
20260001964,Ziemann,Terrance,Kendall,COLLEGE,YEAR_1,bsit-2b,azul,bsba,business-administration,
20260001965,Klein,Salvador,Blake,SHS,GRADE_12,bsit-2b,cahel,,,programming
20260001966,Kulas,Danika,,SHS,GRADE_11,bscs-2a,azul,,,animation
20260001967,Nitzsche,Kenton,Rowan,SHS,GRADE_11,bsit-2b,azul,,,he
20260001968,Tremblay,Okey,Ellis,COLLEGE,YEAR_1,stem-11a,vierrdy,bshm,hotel-management,
20260001969,Denesik,Ray,Reagan,COLLEGE,YEAR_2,bscs-2a,roxxo,bsit,computer-studies,
20260001970,Schowalter,Cesar,Hayden,SHS,GRADE_12,bscs-2a,cahel,,,animation
20260001971,Mohr,Pete,Kendall,COLLEGE,YEAR_1,stem-11a,roxxo,bsba,business-administration,
20260001972,Ernser,Savannah,,COLLEGE,YEAR_4,stem-11a,azul,bscs,computer-studies,
20260001973,Jast,Brock,,SHS,GRADE_12,bscs-2a,cahel,,,css
20260001974,Labadie,Jacquelyn,Hayden,SHS,GRADE_11,bsit-2b,azul,,,he
20260001975,Thiel,Margie,,COLLEGE,YEAR_2,stem-11a,roxxo,bsit,computer-studies,
20260001976,Nitzsche,Alphonso,Angel,COLLEGE,YEAR_1,stem-12b,vierrdy,bscs,computer-studies,
20260001977,Rowe,Adrain,,COLLEGE,YEAR_1,bsit-2b,roxxo,bsit,computer-studies,
20260001978,Barrows,Roxanne,Skyler,COLLEGE,YEAR_1,stem-11a,cahel,bscs,computer-studies,
20260001979,Luettgen,Jena,London,COLLEGE,YEAR_2,bscs-2a,giallio,bscs,computer-studies,
20260001980,Dach,Hertha,Charlie,COLLEGE,YEAR_1,stem-12b,vierrdy,bsba,business-administration,
20260001981,Upton,Richie,Dakota,COLLEGE,YEAR_2,stem-11a,vierrdy,bscs,computer-studies,
20260001982,Considine,Floy,,COLLEGE,YEAR_1,stem-11a,cahel,bsba,business-administration,
20260001983,Kautzer,Lyla,,SHS,GRADE_12,stem-12b,vierrdy,,,stem
20260001984,Fadel,Nola,Taylor,SHS,GRADE_11,stem-12b,roxxo,,,he
20260001985,Nikolaus,Thelma,,SHS,GRADE_11,stem-11a,vierrdy,,,animation
20260001986,Schmeler,Kareem,,COLLEGE,YEAR_1,bsit-2b,giallio,bsit,computer-studies,
20260001987,Franey,Nathan,,COLLEGE,YEAR_2,stem-11a,giallio,bshm,hotel-management,
20260001988,Pacocha,Elisabeth,Anderson,SHS,GRADE_12,bsit-2b,roxxo,,,stem
20260001989,Nolan,Fern,,SHS,GRADE_12,bscs-2a,roxxo,,,programming
20260001990,Veum,Violet,,COLLEGE,YEAR_3,stem-12b,giallio,bsit,computer-studies,
20260001991,Kuhlman,Joany,Jamie,SHS,GRADE_11,stem-11a,roxxo,,,abm
20260001992,Kozey,Jessie,,COLLEGE,YEAR_4,bscs-2a,cahel,bsit,computer-studies,
20260001993,Abernathy,Lenna,,COLLEGE,YEAR_4,bscs-2a,cahel,bscs,computer-studies,
20260001994,Kulas,Jacynthe,Greer,COLLEGE,YEAR_2,stem-12b,roxxo,bsba,business-administration,
20260001995,Huels,Edmund,Kai,SHS,GRADE_12,stem-11a,azul,,,stem
20260001996,Mohr,Spencer,,SHS,GRADE_12,stem-12b,roxxo,,,he
20260001997,McClure,Kay,London,COLLEGE,YEAR_4,stem-11a,cahel,bsit,computer-studies,
20260001998,Strosin,Nicolas,Harper,COLLEGE,YEAR_1,bsit-2b,cahel,bsba,business-administration,
20260001999,Goodwin,Jon,Brooklyn,COLLEGE,YEAR_3,stem-12b,cahel,bsit,computer-studies,
